rank,Customer_number,risk_6m,percentile_vs_test_pred,pred_mean_TTE
1,01498830C069046EC2DCCA4B3EC5F85A,0.005157893969409466,0.8216889643944221,539.7069590240737
2,0007E6069D0312937F1156840F2302F7,0.005168210906771886,0.8222552558929709,541.3051458443153
3,01373FA212741C75C6C55E31CED1DECD,0.005175364891838896,0.8227507609542012,542.6188541650544
4,0039BC4401D58D52AB1229E52293368F,0.005178962173385204,0.8227507609542012,544.2308743214381
5,0008AD79A0B410B65AEC5BC71182DDED,0.005187048632398494,0.822963120266157,542.9645114360089
6,00C8A4DE17C6AD1552730B78942F48A5,0.005193262585625913,0.8231046931407943,551.4579537606004
7,016531F63D9A458A9CC2C8B7DB9F61CA,0.005196279414205529,0.8232462660154315,530.7706208950647
8,007669053852867B85CAA689EDD9B872,0.0052002347323811815,0.8232462660154315,547.1291979997285
9,003795DD7C3327DAB7CD51810638E196,0.005209095237527439,0.8233878388900686,557.8627013859501
10,014E3176B5335F4787F45A0E5969B753,0.0052194689228772795,0.8233878388900686,529.0570641661018
11,00CC69F8C694995F5E08240BCC396328,0.005231126395889629,0.8236001982020245,569.1676239099976
12,00350F0CF347E1188749178DB86639DB,0.005234513225795823,0.8236001982020245,564.2805104308375
13,00B765BE783140D0945D5B59731CC4A8,0.005234964652613416,0.8236001982020245,563.4938331421046
14,011B4A0958FBAEFE60C444C16AF23A95,0.005242532581680059,0.8238125575139803,526.5289638069453
15,002E39BBBCBDF38013349271CCF3010A,0.005242632292143834,0.8238125575139803,527.9696152675419
16,008FEC269B4BEDA3CA4282C16405FC0C,0.005244591966170442,0.8238125575139803,570.7615386158151
17,0086536C366F1A4AE529860D0357A538,0.00525259594817562,0.8238833439512989,566.7543082747727
18,006E001CAE423F4603D180BB080E30BF,0.005255971484118049,0.8239541303886175,575.9856996803015
19,0163DE7ECBB6007E3E4CB72E8489B37C,0.005258194700844543,0.8239541303886175,566.4586361804248
20,00043CE0C2332E4B0C104454E256D607,0.005261705603652023,0.8240957032632548,577.973020312193
21,0142A296718B82552770E05FEF15FE3A,0.005261905792994126,0.8240957032632548,580.3054089049175
22,00858679A845878164E48296DCC0D46D,0.005262772232161428,0.8240957032632548,579.643312933039
23,0109B49778ABE66AFDD532EEB1EE8C19,0.005268084339440371,0.8240957032632548,580.8012804474478
24,0062634CAF6DFF1B9882610C005D6755,0.005269638347401462,0.8241664897005734,582.1721771088593
25,00438247B2B9ECB1DC394B496EA6E46B,0.005271674639108936,0.8241664897005734,580.74859326965
26,01247A3EFDF4914C315B6408B45D77A1,0.005272130461330682,0.8241664897005734,582.8744481189112
27,004CEE1CAF3A9C43B1042572CFC4F1F4,0.005277425058553664,0.824237276137892,578.5747409242043
28,011DDD72AAABBAA968E24FD561228A64,0.0052784304102413415,0.8243080625752106,582.8715112246216
29,0146B1897A4BC4578065A370A6F91410,0.005283677705965828,0.8243080625752106,587.5244992894242
30,0054A2614941E4BB9BFE2EDF2BE81574,0.0052865654309761645,0.8243080625752106,584.5198603867561
31,011C5BA2B5FCF6CC2BB8625CE6530E48,0.005292068606549072,0.8244496354498478,580.5042257421753
32,0163C7E22537B37E8B2956C080F35694,0.005304808216287649,0.8245912083244851,592.0098272896531
33,0084F460AF7E4EBC9600A837E2F1FD35,0.005306919824232037,0.8245912083244851,593.8503082223262
34,00CF186E17E2CD12BA55CE2446DF0157,0.005307204213290229,0.8245912083244851,594.8623890997596
35,0019AB84940E29249567CE0FEFAED1B6,0.005314062079635917,0.8248743540737594,596.5386426977446
36,0064859D98B47E4553025FD58BF46530,0.005315556266590971,0.8248743540737594,595.0829152300208
37,0039027E1BCEF3A17BFB0FEF3FD50DB2,0.005317402186339026,0.824945140511078,595.4870207732208
38,00B1BFBDA72DEAB219CFFA63F0F74714,0.005319681166274015,0.8250159269483966,594.9352399129061
39,005ED835A39FA0E4A589034D450BA02C,0.005321728407238324,0.8251574998230339,596.7423183630063
40,011045BD505E6401991773654A5120EC,0.005326728546932724,0.8252282862603525,600.4976498885057
41,00CB870EA417AC33D69D3EC8E8684184,0.005327395622587328,0.8252990726976711,598.4728803453969
42,00135CC307073821ABA2913D3AF34CC5,0.005328298631263828,0.8253698591349897,600.4036968207487
43,002B1A7E2D35E3D1AD0B25BA696A4552,0.005328824223670203,0.8253698591349897,600.5562442424697
44,011D127FF2876111236B8A6BAF844975,0.005335098676148342,0.8254406455723083,601.1596169789466
45,0136C133E231EAFB69ACC5CBB2DAFAEF,0.005340588534462398,0.825511432009627,602.9661257784591
46,0038F6ECAA779747C79BFBEA3AFF318D,0.005341180775369159,0.8255822184469456,604.803118470393
47,00A417673C015D8549365B6F4707DBD5,0.0053417984689242415,0.8255822184469456,602.4031360193418
48,0021F5B48850862EA914EBA8B243980B,0.005342373329248695,0.8255822184469456,598.1850403984782
49,00EE44692433EA3CE9E710A01A7621D4,0.005342667126007172,0.8255822184469456,606.0056626219381
50,01107F2631A35756708676C5B89061D9,0.00534512748409266,0.8255822184469456,606.923525965846
51,007272EDF5D3BBE785A23CE1218DA33C,0.00534998971997358,0.8257237913215828,607.7185462580594
52,015A3F55CADA5025A96C0B635747F78E,0.005356296230369373,0.8260777235081759,605.5074109753384
53,0146BE71CB313281CE5E4FB6DB3E57F0,0.0053565350874736906,0.8261485099454945,608.6540239354665
54,00650B80CC744F52A9F3DF79B0B20441,0.005356892030554672,0.8261485099454945,610.132747135245
55,007D0F3EBE9CC99D9ED9CF66B3A0DCA3,0.005362001478466993,0.8263608692574502,612.253156961886
56,006D99DF8E93BD85CC183F7107514CD6,0.005362064178679127,0.8263608692574502,606.5837289747491
57,00C9D5CF00F8A05C131423CE7CE1D270,0.00536318457799323,0.8264316556947688,608.7764145887282
58,00ADF46F5D7B9C6B7E0908707ABF46B4,0.005364295160598553,0.8264316556947688,611.122128362791
59,003C327489F9D4ECCBC57E74690B385A,0.0053670733096037315,0.8264316556947688,613.2909749494997
60,007AB5E19236B019F940DF9DF8D29F93,0.0053724361372256,0.8266440150067247,615.7307169485966
61,0135FABCDF8F27FE7A3C50620519EC87,0.0053729946339402535,0.8266440150067247,615.8894302068194
62,00BB90F29AF8B424977926B42DAB899E,0.005375624163172832,0.8266440150067247,614.5729816589836
63,007F5E10CFD2D1858AEA3D805347DB15,0.005376079979091397,0.8266440150067247,614.7143856842196
64,00B24108E33A45B7DBF52BE6108EA724,0.005376277330901735,0.8266440150067247,614.1297333199335
65,00A8971D499D64594E8CD82D0940DC8F,0.005376409602760535,0.8266440150067247,617.285275583706
66,012FF639D0C6B1946EF0460915B70761,0.005384072324686184,0.8266440150067247,619.7061808956668
67,00374A3F1795E22C73718B2C82151EC4,0.005384387680475222,0.8266440150067247,617.5208920268327
68,001C326905FFB9BDE31E71DA1A0F6BD2,0.005385300039576935,0.8266440150067247,614.6898640713732
69,0141250F8034AE60E505C35628DCBBDC,0.005385793034172748,0.8267148014440433,618.9788255621336
70,00F6D27D5131336726069F0E3ACC2947,0.00538721498646022,0.8267855878813619,617.5953103581338
71,00619D1C5436722AB555559D80C216BC,0.005389959070274508,0.8269271607559991,618.4182263242873
72,000FCC2716762246672200025388BB9E,0.005390162988946012,0.8269271607559991,621.1361444657053
73,00F9C70C236759FF5B63F618AD40BA23,0.005390657250761266,0.8269271607559991,621.8421616152866
74,0051B453D22AEB1404B5FB0B3FB390E1,0.005391637943822802,0.8269271607559991,618.8652437340538
75,0161889FE7C1A9451F78A8B48BB3DCD5,0.0053921453535547,0.8269271607559991,622.0593632123499
76,00CAF9036928A2EB00E2C54F7F58FA36,0.005393952721925888,0.8269271607559991,619.84089494116
77,01270CFCF6634E83238042755B14DC82,0.005394315193207433,0.8269271607559991,619.1461035328222
78,012CC8EF53A39DF41FD57B54F6D60B20,0.005394406487953751,0.8269271607559991,621.9704545609204
79,000D1B1FEEDCDC24E923D26AA7CB4246,0.005396063601189494,0.8270687336306364,618.8041239619519
80,00FCD14FE3E3422DC084F6EC029E3E7A,0.005396977703544081,0.8272103065052736,621.0078567682303
81,00BC5A01A5E5E616AEDD2497A6372CE8,0.005397631412691339,0.8272103065052736,619.9411172881862
82,0111FBFB9D0511767FCBEC6B0853CF72,0.005397846147055296,0.8272103065052736,623.581887491711
83,0094804A23FFBF05C5A96FFAAD494F96,0.005399111098236875,0.8272103065052736,624.2236715693822
84,00728D0D689A87C6DEE019AD70455822,0.00539935245173484,0.8272103065052736,624.4542574220089
85,011CC1ABD4F88F914D7B30F71BC714E8,0.0054046499339496235,0.8272810929425922,625.719606819661
86,016CB15AEA9367FDC4F8043E16116E54,0.0054053518813816925,0.8273518793799108,615.9637381334487
87,00D214BB3B546E1A36714BE5BD74F1CA,0.005406250235457488,0.8273518793799108,622.7005469259769
88,011E4FE042FADFBA8FDEAA799A77BDE0,0.005406564584777729,0.8273518793799108,626.7100850957247
89,006A23450CA4DB63202CF52A7F7E5D65,0.0054076015777545505,0.8274934522545481,624.4086042096117
90,001E6F0156C6EB7C9AB404BD2E90499B,0.0054080887548656476,0.8274934522545481,625.8310333236506
91,016EEA88C4177694C3A9733136411FC1,0.0054089787755083885,0.8274934522545481,627.0043757800993
92,00F87E1C574E9A2C398C974BBB9B49F4,0.00540943905772695,0.8275642386918667,627.9443361005094
93,0125322873475DFCC0203B102E7701BA,0.005409720264433204,0.8275642386918667,627.8171592870759
94,00C61336821E9B6A8149062992C7EE0A,0.00541323063533139,0.8276350251291853,627.5522170687727
95,0137378B47D8FEB39F21CFA0D09F7AA3,0.0054174105877990986,0.8276350251291853,615.918586736137
96,014F0415428BAF9BC0B22B71E7E6D701,0.005418171341364464,0.8277058115665039,629.9933575366657
97,016E9856AE2AF33AEE84DA4C1448780A,0.00541858952353802,0.8277058115665039,627.0024724696158
98,000477279601D4A0B5ABE13B8292C68F,0.005419986645602282,0.8277765980038224,628.2086120068037
99,01596A0BBB5EDCE95A72B79EAD472B48,0.005421719785086543,0.827847384441141,628.303540168718
100,00BDA03C24B03B5FE280966F112AAA39,0.0054238469101609565,0.827847384441141,632.3733683109617
101,00304BC2E46BD25B101E95F7C3B5EAD5,0.0054249074974728195,0.827847384441141,628.9651408036573
102,00CE9ACF32261FDAB79E419C2D5A6C6A,0.005425476215734637,0.8279181708784596,632.9162937704381
103,0035FF834C909C1B388555763D8972D0,0.005426711621481339,0.8279181708784596,633.3113160832604
104,00382509B0B1F797E8D1510DD9654D98,0.005427924347975344,0.8279889573157783,633.114520245744
105,00908D665858B9C1F8F042601C1B4698,0.005431314509204643,0.8281305301904155,634.7562644084833
106,015B77354EDA561824C1024A10B078D4,0.005431339661488566,0.8281305301904155,634.7515512220614
107,0108C73AEA010A22ED7D44649CE3AA98,0.0054335239014109415,0.8282013166277341,631.9447664478083
108,003B0803E424BD89EA44C5E89B4FB880,0.005437597501834479,0.8285552488143272,635.2505594607092
109,0123FA81E1111770EA619BF01D1F8243,0.005440960827037711,0.8286260352516458,634.3537042278681
110,01520ED462CCDF203870B58BA97D507F,0.005440976274846188,0.8286260352516458,635.2779337752808
111,004E1F41619AB5EA9E749E4E7FDDE3CD,0.005441841237584066,0.8286260352516458,634.265353280749
112,0086E6F89864530DD30A8F4C7819055E,0.005441971232354459,0.8286968216889644,635.2637999594335
113,00BAEF8F0E37B2E7C3E0B979CA8076B9,0.005442353848117754,0.8286968216889644,633.7288972904258
114,001CE30C25DED31D0FD20A2BA54FA4D7,0.0054430206971601836,0.8286968216889644,634.9911092973558
115,003A5D3AA70F951CA5BD2093E39AF260,0.00544342012168475,0.8286968216889644,634.6808849842577
116,008889DACB59D2B148AE654EEE443E80,0.0054438504404829,0.8286968216889644,633.8449584470484
117,01146EB15C88E2D8E8CF8143AFCF2BA6,0.005445672843071181,0.828767608126283,634.5050939208206
118,0140946E5EEC65B312010B302998D51D,0.005446018079275694,0.828767608126283,634.7682319997796
119,007E06F5F0D3468B760DB059A9BDDB3C,0.005447024864553396,0.8288383945636016,634.6028186445893
120,0083F908FCD02926945296B2995C4ECD,0.005448575448220638,0.8288383945636016,634.3935616961779
121,000790AFA81600AA7C52243B0591EBDB,0.0054486598573318945,0.8288383945636016,634.7307824443441
122,006554AC0E8742C1DFB648D996D17E75,0.005449136203888871,0.8288383945636016,634.7820660523042
123,01595AECB0EF724C73DF0FD3199992AF,0.00544930976088831,0.8288383945636016,634.9376356296239
124,00C797B07FB2796D1E5CB59AB13E56A4,0.005450042619364659,0.8289091810009203,635.1286502733826
125,0104888980B261B41629053BE15E9076,0.0054511362093285776,0.8290507538755575,634.7489464678786
126,00E1BDCFEC600088D9C3C6263B9D7FC4,0.0054537376015992844,0.8291923267501946,635.4163505363472
127,00292D6F0F1FE4BEE0FF320185A413F5,0.005455985558985188,0.8291923267501946,635.0493605273057
128,00F8434C35A80D2D9D97B966913AB347,0.005456996367505518,0.8291923267501946,634.644533203668
129,005DCA986BCD3CE5B99D4FB52D5D2812,0.005457277806683369,0.8291923267501946,634.4829472023865
130,0110454C4568942B85CDE9800F7AC54C,0.005461143104006361,0.8291923267501946,634.8252074036197
131,00F462CD545E55B03F43FF37C08E6459,0.005461706559917068,0.8291923267501946,635.496110018061
132,0025BBEDDC4C36060E96957189D09C4B,0.005462155514889044,0.8291923267501946,635.1555440200756
133,00088200CA69A9073B7E7BAD8382A3BD,0.00546292301775031,0.8291923267501946,634.9934312175511
134,0021C264BC0EF5DA4FDE73EE857B4FDD,0.005463554454663622,0.8292631131875132,634.8600986975976
135,016CD7A043E77AA3B2A4CEE60AF657E7,0.005463682418535565,0.8292631131875132,634.8274284806131
136,00DA3692823F9BFC76DC5E8E2805EA2F,0.005464066273973778,0.8292631131875132,635.2476793262026
137,002EBEA60A81775603ECBA34F0385D50,0.005468430477504338,0.8295462589367877,635.5377010279823
138,005EAEA6C72433D0CB1033443CE07DAC,0.005470458995952443,0.8296170453741063,631.4008063106792
139,00C31782F00676D07A62B84BFE64DCD2,0.005472343018103065,0.8296878318114249,634.7476522986706
140,00BAE9CFFD9D5BB00A64F1611E388D6D,0.0054741899022522356,0.8296878318114249,635.5942807319075
141,00AA9400169BE1292C80E031B09AC36D,0.005474971428768405,0.8296878318114249,630.916248951028
142,0091AAA3617F3CF159631FD10799A5A1,0.005475482217832672,0.8296878318114249,634.5646404693832
143,0167B0943F36FB91892434944F2588A1,0.005476268528857409,0.8296878318114249,635.0381107925483
144,0130B3A4EBD1480027A6C2F7C138713A,0.0054770788562353845,0.8296878318114249,634.6039911893672
145,00AF886F8B4CD8A616667EFC4B6D2FA4,0.005478033807996829,0.8298294046860621,635.1683915827739
146,00AF7CA229B5406BEBAA81AEC11CE06D,0.005478632915284942,0.8298294046860621,635.0587799155195
147,00801BFC4BE2FAFD9AEB50E5FB2B09B0,0.0054792825589820016,0.8298294046860621,635.4399874276473
148,0107157B6237A7482C58A7815B69DB4C,0.005479683289187576,0.8298294046860621,635.044009492172
149,00DED918E28B68E1D19B62C67E7C7EC7,0.0054803479426943635,0.8298294046860621,634.9653329622512
150,011F6447CD69BBDEA5624D01B3E68B02,0.005480408649226276,0.8298294046860621,632.8767006083783
151,0146BBBA7E5C20104627CCB1BD0A0AF3,0.00548211515571162,0.8298294046860621,635.1302412562003
152,014E47EAEA64371D9C7BB76C88F539B9,0.005484692351453879,0.8299001911233808,635.7811100931111
153,016F7B26664731C34411AE1ADF350FD8,0.005485074689280167,0.8299001911233808,634.9379810611334
154,01691B2820ED187BBA3BA8B9EC89CEE9,0.005485809747153403,0.8299001911233808,635.7470407569557
155,016C0B2D23462B51583C57C36A18CD13,0.005486529241193749,0.8299001911233808,635.1764001987939
156,005429D771B3B829A86E04E63E428C51,0.005486759476467151,0.8299709775606994,635.0107079090415
157,008C748BC49B13F5CCDC4D758295F4B8,0.005488360954206684,0.8299709775606994,635.4033027782738
158,00D2B8A19DEFE2B21B25204241C57BED,0.005488974668409585,0.8299709775606994,635.7709473805743
159,0087170E094D722D7DBA58169375625E,0.005489004070887704,0.8299709775606994,635.429375854467
160,003E602DC37BD77DEB76AD7F9BCC442A,0.005489734172572258,0.8299709775606994,634.9600089660269
161,006512110A05F8AEA79344A9EF511CF7,0.005489848032934508,0.8299709775606994,635.0734743517821
162,010BDA5F8CD68551CB8F5448A0EECD4C,0.005494166348765095,0.8299709775606994,635.6293046102192
163,01661DFCA84C8FA533E7FD9A5FDF19E9,0.005499567719372878,0.8299709775606994,633.497258049996
164,004D308A88962FF75AC72791A5D0ED0E,0.005501394301155593,0.8299709775606994,635.4586663639358
165,0047D42CE86BEB09FE941722120BB49B,0.005503139589337902,0.8301125504353366,635.0868836393919
166,009172FA00D4712F81F94E3626FFC03F,0.00550360679173989,0.8301833368726552,635.5549635241347
167,011F27FE6B74535A3A39264B150F5199,0.005504165859471222,0.8301833368726552,635.3147977196429
168,009A56AA77E621BA7E51EDB3FA1C3502,0.005504356777643382,0.8301833368726552,634.9276375127578
169,0091EB66DCCEC18FE6DF3AFD40FFC502,0.005508607878014216,0.8303249097472925,635.8632977374779
170,00E93DE0664C164DA09A09B2AFF4192D,0.00551004289844903,0.8304664826219297,636.0007596943425
171,00BA4FDC1E7D3C9ECBAE512181CD0EA9,0.005512283292999798,0.8306080554965669,635.1052297983028
172,00C8EB8A5B9AA5C0D8FA5DDC1610A8A7,0.005513729300927639,0.8306788419338854,635.83488428967
173,008ECD30AF948D91C5484FC28D7BE163,0.005514349628576443,0.8306788419338854,635.3954256371113
174,0099F500476EBDB843DD2691182D68A2,0.005517412412407441,0.830749628371204,635.2458755581606
175,001B60200D6658DB34C43AFA0C062B58,0.005521433151049138,0.8308912012458413,635.7128958308865
176,005AAE8FC63DCDFDE4FABE8D83540E36,0.005522870523697376,0.8308912012458413,635.524941036974
177,00D4AA322F09D5403C91C21629B314F7,0.005524963466727373,0.8310327741204785,635.5303647532933
178,00600944958BD763A4F3982954E00C01,0.0055288778930603355,0.8310327741204785,635.013808078489
179,00526D0103CC828637436B697FDCDBA4,0.0055355798932865685,0.8311035605577971,505.22372917028775
180,000267D0D9F806136D299C684377E964,0.0055412220092030395,0.8311035605577971,635.9020868406802
181,01611E3D19613F86F0DAF1607826815C,0.0055480678148419615,0.831315919869753,635.0503531704003
182,01574281BD2EDF37534084F5C4DA3297,0.005556103110170185,0.8317406384936646,629.2485624011185
183,00B00717DAA3B4AE28AB9EE3B04BD654,0.005557296018187996,0.8317406384936646,636.0981869956239
184,0121948028809B7CBD7438C17E0FF776,0.005561627914899447,0.8317406384936646,631.3704855356651
185,00C1C68A577D522F824ABFE122378880,0.005565732653410427,0.8317406384936646,625.4242150813446
186,0120D19C188D51B890F8B69011286977,0.005567394472309917,0.8317406384936646,631.5297312707077
187,003CA50B255F15B3EC498727F617A089,0.005571475610957055,0.8318114249309833,635.920206987858
188,00506ACE7BFABB94B4F9E352EE0CD4DC,0.005571807607216428,0.8318114249309833,635.6800586511358
189,002DDE1E9E129B305DFB59BCAA4318FB,0.005576421825714273,0.8318822113683019,636.6684638791149
190,0012AF81A66BA280EA5E61E433D4F261,0.005584671527457674,0.8320945706802577,630.0425433807848
191,007B04E35005DEFAB444547CC3B86971,0.0055854833701156625,0.8320945706802577,631.2941915688006
192,0106D16B5C797E8AAA4093C8332D6C24,0.0055877873364913455,0.8320945706802577,630.3268796244116
193,00628B7418FD537D49951D4169DF800B,0.005588520578907019,0.8320945706802577,636.4450092472201
194,01380631B857FA830B4A55A057D9DD7B,0.00558869801041173,0.8320945706802577,630.5564682348814
195,00AD252DA8A250232351D018C4830D6C,0.005589359818528483,0.8320945706802577,630.3528860856987
196,007F41EC2B3DC6B39F169A568F4E086B,0.005592171515072741,0.8322361435548948,636.5274642751735
197,005CACCB4DC85372549060B6AE4A35DB,0.00559257762635279,0.8323069299922135,636.5037659510484
198,01193E37801830D4D2ADFE790EA8CA71,0.005592972768236226,0.8323069299922135,636.5825869560199
199,00348F164F085EE954B5E02728F6F15F,0.005593409623834589,0.8323069299922135,636.5536337255023
200,00A5A08D632BB3026883C7AE996FE349,0.00559389650643316,0.8323777164295321,636.1763972007603
201,00F08C086B9EA43D9E04844F149E7113,0.005593967828264379,0.8323777164295321,636.128571458887
202,002C62D750E9D607679C5E218F157404,0.005593984246968775,0.8324485028668507,636.3990286523018
203,00BF74C2AD3C30B21D3B4B2C29232C8D,0.005594001151249195,0.8324485028668507,635.6769678302694
204,015718E8561DFF4A17B8D80E4200982E,0.005594004099898298,0.8324485028668507,635.6718281478005
205,00F14DA37E53B12A3A0BA269F176041D,0.005594007867013029,0.8324485028668507,635.6683307314763
206,00CE9B90A01E4C1F9EBB51E6531E338B,0.005594016562600057,0.8324485028668507,635.7886680239371
207,015C5E39686EBC193C2577CBF67FE315,0.005594023626372069,0.8324485028668507,635.731633698724
208,00EDD2CCAF92A2C469A524F014A02D48,0.005594036231356347,0.8324485028668507,635.6843950024893
209,002F618BB61DFA3A98BD5224A873F198,0.00559406490569736,0.8325192893041693,635.8175270530492
210,0089CA0FCB0D2637C10D452A94AB5B62,0.00559407785791477,0.8325192893041693,635.8400265320892
211,001C789F4986276AF2D5656D64866213,0.005594119507536188,0.8325192893041693,635.8308852887603
212,0047467B6940E972D4D9E3D2661AB934,0.005594133938680024,0.8325192893041693,635.7285249145574
213,002A3B0D69901246C0B1BD84839A6974,0.005594143432490983,0.8325192893041693,636.2307319480586
214,00DDD70AEA265849A6E4B7C0F8583453,0.0055941663629555105,0.8325192893041693,635.741408719801
215,002E7EFAE3F62910FEA6235DC22EADFE,0.005594167779903847,0.8325192893041693,635.8652827272348
216,0131654B443B42F117580EC79824C50C,0.005594176065416234,0.8325192893041693,635.71070168835
217,017376E3F114F9A4380A01CDC771F31A,0.005594189597312393,0.8325192893041693,635.9027629058752
218,001BA1343A25DB7DD7F09476976A479C,0.005594228520581557,0.8326608621788065,635.6883582812654
219,0083594E74BF3A4281FFECEFEFFABCC4,0.005594236448861145,0.8326608621788065,636.4673777628418
220,0052B835BD973C89592F5D6343DB3FF8,0.005594250364515996,0.8327316486161251,635.7040610776055
221,0068EF2971012A2829531C5805942D30,0.005594271806182882,0.8327316486161251,636.4478049317506
222,014581F2011ECDE5CC27073326849FCF,0.0055942817749456974,0.8327316486161251,636.2648360951104
223,0033DE465ADF5423170C78F1C6407469,0.0055943185325666445,0.8327316486161251,635.6507393274298
224,0060DDB8385264F7596AD2F6F7C669D3,0.005594328897852496,0.8328024350534438,636.270336781557
225,00ACE7FA108E860E6B9B3F27F4965B4D,0.005594351613443793,0.8328024350534438,636.4564997814408
226,00C02BA631ECEFDD6064D05CBFB7BC4F,0.00559435783041029,0.8328024350534438,636.1193572211093
227,015CE5657E83CCB800D4D5A2C471A4CC,0.005594360665376996,0.8328024350534438,636.3082056679832
228,00F70B312B4256D8597584F875D66F75,0.0055943762142067754,0.8328024350534438,636.2557600093621
229,00A2205FCF6C1B1D9C2499ADA4331E9D,0.005594404163737465,0.8328024350534438,636.461095696155
230,0064EE7E91FCDA33BA9BC900460B1C9C,0.005594404631411476,0.8328024350534438,636.5354373275836
231,00024424F00C16475688BD11DE1167D5,0.005594474316429898,0.8328732214907624,636.2220995757765
232,008510A65EFB88B01EABAECA2710ADCC,0.005594526899608487,0.8328732214907624,636.3107247232858
233,00FA4F44E2F6C0A1D6953D3EC1FF8591,0.005594578143092277,0.8328732214907624,636.2130910316575
234,00C2293B0E576BC562D4B2541D1C08CB,0.005594581441046631,0.8328732214907624,636.281911695403
235,0016211D8FC53C1AEBE2FD3067A97623,0.005594614878009829,0.8328732214907624,636.6379180359365
236,011C33B8419A134496EA9DFE7B1C1BC8,0.0055946268749658135,0.8328732214907624,636.61591027683
237,0111CE44002069F83B4B2C85DF2FBDE7,0.005594634000569365,0.832944007928081,636.5335022664324
238,0006711BEE92922F27675E2F8FBDA511,0.005594651300110276,0.832944007928081,636.2577409519946
239,016267D94BAD95172EC2093866136DC5,0.005594706874385014,0.832944007928081,636.5093526772692
240,005CE0A64DAE6CE6FF208CDAF5708017,0.005594707003580335,0.832944007928081,636.3204563340247
241,00FF58FE4AAE42D2D11E18C7A356C040,0.005594729698401024,0.8330855808027182,636.206062635098
242,002A0B3E6271059299F5F5D394A84269,0.005594732445190709,0.8330855808027182,636.68943773301
243,00020CDEF11ACDD3C2FEAEADCF2EE647,0.005594743205237562,0.8330855808027182,636.3080653328623
244,00F8C0A503BB58B967D6C705AD2FE0AF,0.005594752710892714,0.8330855808027182,636.5558222546443
245,00B0CE04BD7C2FF18E33A734F86F4B7C,0.005594767044527549,0.8330855808027182,636.5273480931044
246,008722A4CE4BEEB25D19BC8B9BBBCCF9,0.005594785350320097,0.8330855808027182,636.1847480181164
247,00A52C25C70E97DE3FDFE533700F3FE5,0.00559478754888354,0.8330855808027182,636.3411785608907
248,005FF229E56A484DAFB32DFA5CFB1A58,0.005594799801773465,0.8330855808027182,636.2724690876768
249,00F5BE409AC7CE9B17758373DACFA63B,0.005594802334525695,0.8330855808027182,636.5870235094607
250,01245F67A9023A4E6B36914096292F14,0.0055948108743058,0.8330855808027182,636.3387658494078
251,0104206249311CDA0B75F1BEEB06226C,0.005594814656559199,0.8330855808027182,636.4971624960066
252,009B58B60D1C5F67B54477A60958D3C9,0.005594817946350972,0.8330855808027182,636.1927876275936
253,0065B85A2A4B92D5435DEB371E09E280,0.005594827723758078,0.8330855808027182,636.4985785064333
254,000228784372BA30DB7D5706FC4285B7,0.005594828865888246,0.8330855808027182,636.2954010896187
255,013EF5E992E1A828DC9B49821022377F,0.005594841104501036,0.8331563672400368,636.13127048914
256,0096742F8B0BBFE0CACA40E3DDC0C237,0.005594875917033781,0.8332271536773554,636.4690266162429
257,008AC9A96322F5A4B24E388CE154BE9D,0.0055949026392573264,0.8334395129893113,636.2777416054025
258,013F92288C58628001BE1088D1180EF0,0.005594918758181744,0.8335810858639484,636.5421005975641
259,0086CADAAB07724A8CFA6D741C1A9569,0.0055949288839383104,0.833651872301267,636.56873686892
260,009D97CD27F49E6F65A38CA0079B5DB2,0.005594932395669772,0.8337226587385856,636.5434577914992
261,0097E4E7FEAD41150DB74B86C74BD22D,0.005594933340766883,0.8337226587385856,636.2192363447289
262,000F1484231907E0FA46C904A0BDD2F9,0.0055949345871217915,0.8337226587385856,636.499977941789
263,00A58F26B96CF87FCD7D8465FCC5A2C4,0.0055949458166290045,0.8337226587385856,636.5292657442907
264,0137C5F12E62DC2D34643D4B336D7D91,0.005594954289605991,0.8337226587385856,636.2862333204744
265,00DC2283003236099EAAEBB1B8C374CC,0.005594975343386488,0.8337226587385856,636.6158409919794
266,016B362FE79678AEA639DB0012D50E1A,0.005594977967054993,0.8337226587385856,636.1420118523955
267,0139F5CDB5EF52E94EC0983AB85CCDCB,0.005594986996702023,0.8337226587385856,636.2838881592448
268,005C13CDFA835B9A934D0434D4E7D1B3,0.005594996801478902,0.8337226587385856,636.2998206593334
269,00ECB115491943550A4E1CA7C10634F2,0.00559500965253068,0.8337934451759043,636.2058123936182
270,00E7E7AF52A4CE889E54ACDE03B696A0,0.00559501168712917,0.8338642316132229,636.545980498535
271,012A18C0130A9677418E4AED23637C97,0.005595026768515865,0.8338642316132229,636.6240170390099
272,00E73F6CEF7A143259713AE271C63918,0.005595032260261035,0.8339350180505415,636.276094353378
273,00C1EEEB9D1A172488D174DA1EF11D48,0.005595038936577645,0.8340058044878601,636.2920043169283
274,00EFF6002C126A560CC6152DE99AE2BC,0.005595047228140526,0.8340058044878601,636.5433410801799
275,0165823E5C744D03CDA4EB0D9FF35228,0.005595048707875305,0.8340058044878601,635.6858226593637
276,017219F216C06731729583BC6F92C0FF,0.005595049529082741,0.8340058044878601,636.3158105526365
277,00F6F86319920CB95DB908B74DFAB8B5,0.005595053679061879,0.8341473773624973,636.2652334160305
278,0149524D5C92D5E4A1C7C3037D3BD8B4,0.0055950605436029255,0.8341473773624973,636.4921360149785
279,00AE388620D556187C70FE6CD086656F,0.005595060834094556,0.8341473773624973,635.6904414569541
280,006812B043F1BC96C0E2908B149227D9,0.0055950634451618075,0.8341473773624973,636.2545403519341
281,01699B6728B0DE73C7E5CC3B798C4F5E,0.005595064228681723,0.8341473773624973,635.7339567656907
282,00564597BC4C1685EF69EE6DE0AAE0CF,0.005595066479441746,0.834218163799816,635.927891400941
283,004FB10A0BD6BCD6B3B65157A60BDFB6,0.005595066807797533,0.834218163799816,635.6901697199203
284,00CB974BB8448B890DC755345E1AACBB,0.0055950688225528955,0.834218163799816,635.688925430584
285,00161487D4DBD9E9CF458C91DD2E75E2,0.005595069047213186,0.834218163799816,635.8101483280589
286,004C66600BE4D442475109F033FEC65D,0.005595072169641946,0.834218163799816,635.720356067528
287,0132AF2254A09FAE8634C59C53319D50,0.005595072589965611,0.834218163799816,636.2494448156392
288,00B452A4D6D3CB3AE948DED79F2CF64C,0.005595075837573682,0.834218163799816,635.7217041681693
289,00F8ECCC833B0091581E3C8B0C200B87,0.005595082388790584,0.834218163799816,635.7800961285708
290,00803090A3AF32C1A2803395EC2263E0,0.005595085194009752,0.8342889502371346,635.737317449008
291,016F3BF1C41BA8275EEB755D6160E119,0.0055950853192575645,0.8342889502371346,635.674442250858
292,0085DC699377D60D12242F7B87290192,0.005595086052384124,0.8342889502371346,635.6802378914725
293,00809130FF5D5D0833CFAF4AAE79905E,0.0055950864261175015,0.8342889502371346,635.8560308190692
294,011FD2C67EF0805AD0F25A1BBCE8D91A,0.005595089530051722,0.8342889502371346,636.4932890518025
295,0117E3BFEF67896F7841C38FCA392F31,0.005595090711094319,0.8342889502371346,636.4848628220952
296,00F269C37FF364A0F545C7C251673B27,0.0055950909796498305,0.8342889502371346,635.7467370228331
297,00EF8330EAD6D0F94ADFDE34EF679C8D,0.0055950914374246485,0.8342889502371346,635.6948784362751
298,012422D2FE5DA7CBD677B940A0C9A348,0.005595096303616431,0.8344305231117718,635.7506775571111
299,015FAD3FB2E4BD3C99A969D54E242BB1,0.005595096639418928,0.8344305231117718,635.7779327995692
300,0112173D8BFFF6D67BBDBF3096171588,0.005595101151919302,0.8345013095490904,635.7646849962443
301,012A18EB05C56991B9E441D11BE0EA4E,0.0055951060383317985,0.8345013095490904,636.6376184068139
302,01648AF940B16FC774FAEDD5EC130A3C,0.005595108848145958,0.834572095986409,636.3259312024625
303,016DACD1237CB7814C3A7ACBC9425E71,0.005595109412472654,0.834572095986409,636.6538831007963
304,00C60933FF0793A88CA695346E2A52AE,0.005595110166445538,0.8346428824237276,635.9330521959021
305,00FAB35071CB8ED1276B53E573DCF736,0.005595116031740899,0.8347136688610463,636.4805131587476
306,000D1820D34BAEF4889AA305851F9F2E,0.005595121367820477,0.8347136688610463,635.7777959623448
307,00E604E2ABA3D52B7A03F53700B6195D,0.005595123471669128,0.8347136688610463,636.4714396305284
308,0122E28574702C062066C9A5ED2CA9D9,0.005595125021710223,0.8347844552983649,635.8109286014385
309,0022FAF81C35A0703B768714B22C3A0F,0.005595127250665799,0.8347844552983649,635.7087937477193
310,00078CE9E747641BE1CD48DF524FDD67,0.005595129735099458,0.8348552417356835,635.6705447363892
311,00CD05CA17F8E2C96A47CE77C87CE5EB,0.005595134461635953,0.8348552417356835,635.8894201643573
312,00B38C540F11174209C2F83E025A8185,0.0055951384223610345,0.8349260281730021,636.3242558667279
313,012A5BE846413D7B15D74DA31A2BCEF1,0.005595139562251772,0.8349260281730021,635.8083897141512
314,008C8C2CBE0421CCFB951B8B1B6A207C,0.005595139961347972,0.8349968146103207,636.2784435414205
315,000333B99CF9840F8FA68E54A7A04320,0.005595153187786472,0.8349968146103207,636.6535062068461
316,015EAF80C70D06B91E7C4A441F955557,0.005595153495551619,0.8349968146103207,635.6898490124755
317,01328F3525D41BE46975B240D14303A6,0.0055951550046231535,0.8349968146103207,635.8188858997905
318,004FA5C7E34C37E3CDCB0D7C4C39D7EF,0.005595155553925979,0.8349968146103207,636.252622920713
319,011004BB72E489FFAA0FBDDFB97A1166,0.005595156905598531,0.8349968146103207,635.9804056359177
320,004BF78C5E6D2A1876738BEB4444616C,0.0055951569777995536,0.8349968146103207,635.9755596626486
321,00A95D4B0FBC6EDF73E59465C76C250A,0.005595159625257251,0.8349968146103207,636.243210667446
322,00738D2E5A3DE680E1D5CB471847EB6F,0.005595159808488015,0.8349968146103207,636.5386130505395
323,00C19F85991907F208E13AA980D66ABC,0.0055951647395769966,0.8349968146103207,636.4159672386266
324,00A404CBB62A28093130B4CE26A19A38,0.005595167778079779,0.8349968146103207,636.2523962257252
325,0063CCB0DC51BB8E01E0BA32EE137011,0.005595170648343029,0.8350676010476392,636.4727866550443
326,00E56711DDE9E1FDD4EE6D03776DA44F,0.005595174671669256,0.8350676010476392,636.1901317139195
327,0056A214E9186ABBE1F4ABA408BFF384,0.005595175483642301,0.8350676010476392,636.2491786323842
328,0114D2AE33E233D376AF22414B8B4984,0.005595177725325695,0.8350676010476392,635.9948431933025
329,007D32F4F98E8A44C163EE26F0A0BC47,0.005595180434167624,0.8350676010476392,635.8936532406024
330,00A9479ED3A92B435CA04DAE9A6FA1F6,0.005595181512669134,0.8350676010476392,635.8800658081535
331,013368C89B1844E4AC5EB39F321C64CB,0.0055951882699029065,0.8352091739222764,635.684875140107
332,00C5A85025434DF051F10711CAD7BBAB,0.005595192826031492,0.8353507467969137,636.2204123420411
333,006EADC30EE539E1D79A23FAFB9E13E8,0.005595193210408689,0.8353507467969137,636.5739149411938
334,00272406F800797EC1BE5D8B2899BB56,0.005595195506147177,0.8353507467969137,635.8931322693672
335,009D92E7334CD62266E3098EBE5EDF2C,0.005595196960748949,0.8353507467969137,636.0011499026602
336,009384AC37CB2C3DA80F6F50EF1F7041,0.005595197863468182,0.8353507467969137,635.871119991656
337,009DB5755E5C3F79F8D6EA21CB11373D,0.0055951981979989185,0.8354215332342323,636.2516711163948
338,00E9D5A31F7CBD74DF72596B116C3B0C,0.0055952039424901345,0.8354215332342323,636.245543983721
339,00E33E0A438FFB21CA61D50CB6189B79,0.005595205196302078,0.8354215332342323,636.130618488043
340,00C0B6FB47C5C17851C9796794D7BECB,0.005595205818811455,0.8354215332342323,635.9055428683624
341,00BBFFD9C70A82E15EA118BF56692476,0.005595209440745541,0.8354215332342323,635.8588669342126
342,00E6378A1B270C71FE01CD154B8463ED,0.0055952099976048775,0.8354215332342323,635.9652411460522
343,007BFA0625A01D9F04D832552ECF3D31,0.005595210379097937,0.8354215332342323,635.8705176847703
344,00BB70C31F805A784AE21FFB8CAA0A85,0.005595212162561314,0.8354215332342323,636.0113299844309
345,014BA324F2034B511616FCEA7380A268,0.005595212576852138,0.8354215332342323,636.3280001057138
346,009C124953FC46F9C2FF0D3B9432EDD3,0.005595214768918111,0.8355631061088695,635.8465689382112
347,003B59C9D2A5B40CC7C8C1206BAE63F1,0.005595216745910903,0.8357046789835068,636.5188805189975
348,012C8E6F3D5063870EFEAEBF10D8C7FA,0.0055952195396348214,0.8357046789835068,635.9182927194008
349,00B65BBEF42F2754DD4EDC151391E94D,0.005595224088493556,0.8357046789835068,635.9361377785741
350,006492956259781325312EC5066B62C7,0.005595224799750831,0.8357046789835068,635.9270793728994
351,00DC2573B3F8E86AEAD008E9CB448062,0.00559522863859907,0.8357046789835068,635.9180434812552
352,00C89E57E6470791CEC0CDC2E8D69990,0.005595228731302249,0.8357046789835068,636.5768146817514
353,00C0DC346242BE18D8A3A9F7DA99788A,0.005595228960329157,0.8357046789835068,635.8810365694776
354,0019EB4FEE21F153E755921B427F9A00,0.0055952290211125355,0.8357046789835068,635.860644248013
355,0075761165E69C8FC1C20EB83DF999D8,0.0055952318140307655,0.8357046789835068,636.0286545490341
356,00BC132133BE4CDC8FE31B8A1D8CA262,0.005595234027370499,0.8357046789835068,636.2801280448216
357,00362C10F8C12A70169FDDA8931A6CCA,0.005595234549445882,0.8357046789835068,636.2548282968953
358,007C27371C76777B3C666A75E9DDC8F4,0.00559524403882361,0.8357046789835068,636.0284278198075
359,0147402FFFC525A4B71B5DCAC08E576D,0.005595245940404392,0.8357754654208254,635.994704674794
360,00B2BCB063D2E25EF2A387877053ACDE,0.005595248142924558,0.8357754654208254,635.9612985564515
361,00C79AE751883E8491E23F6BA7C326F7,0.005595258658234403,0.835846251858144,636.6477828387575
362,001B7FA6F0B36DA8782CD60C45C9F478,0.005595270450919787,0.8359170382954626,635.8985179108569
363,00260C8ED0F0A62E9F78D69F1A9EF62F,0.005595271381199862,0.8359170382954626,635.9848170848292
364,00A80918981C91E9EF5D713DF78865C6,0.005595274258288652,0.8359170382954626,635.9268058223699
365,004B358146B2114A228C478A55F051FB,0.0055952784191933835,0.8359878247327812,635.970265282842
366,01479431F69473FD41345C6D46A4E435,0.005595284964179492,0.8360586111700998,636.3765483586197
367,00830F0A9122FA1D6A92E3BF58A92586,0.00559528771615414,0.8360586111700998,635.938546777026
368,00860F5440454AD18F43C6FF6FF29973,0.005595299364785533,0.8361293976074184,636.4324845672783
369,00194D77BBF8DADA0B3E42DE8838A431,0.005595305432791298,0.8361293976074184,635.6406533989981
370,014CB13FA435B31C828F6805E83A47E3,0.005595312262438923,0.8361293976074184,636.0697683337755
371,014C902EDE34CCEFE3336392D0C8E3AC,0.005595322409043035,0.8361293976074184,636.0763244382034
372,001ABB7CC26A1F4F275B0FCB68C57AA3,0.0055953693045303066,0.8361293976074184,636.619372769451
373,01553BB2FE1974B246C8B57CC968B1C2,0.005595372026681478,0.8361293976074184,636.4498774638325
374,0038922180AF976E8A6FEBEBC66713CF,0.005595400402357842,0.8361293976074184,636.3352067111921
375,00F71D3CDC039AF9540C344B70AED930,0.0055954007903183944,0.8361293976074184,635.9983996373671
376,008489EEFC50049CE47E86CBFF698034,0.0055954165358638175,0.8361293976074184,636.3093267420326
377,0067081B5573FAA87617B6A075F99672,0.005595422569874331,0.8361293976074184,636.3356810899753
378,00E7984DE4C514E007CA3CF9DDCDC78C,0.005595443363648478,0.8361293976074184,636.0226869273558
379,009C35FDFC6AF7DF4F97E79458DAEDDC,0.005595452215080288,0.8361293976074184,636.4965946147502
380,0011C312B846B46720CCAFA1CF7D9C52,0.005595457110340152,0.8363417569193743,636.0783010584252
381,00E788A23B1BABDF5AE1495DD8803CB4,0.0055954625271059655,0.8363417569193743,636.0345320943499
382,00B13A7D2DCBD4EBC5E4BA2421C2FCE2,0.005595486940075056,0.8363417569193743,636.6390418703984
383,0079A241F525C299754A76A0CB362561,0.0055954919125054126,0.8363417569193743,636.5890345970821
384,00899FCF0253040FE360CBF2DB792CE8,0.005595542354525862,0.8364125433566929,636.0376872423504
385,00CCC766B1153414DECFA209563BA015,0.005595570211272549,0.8364125433566929,636.0586587510749
386,0101B289DDB50F5C35A003E17A9110E3,0.005595586414722686,0.8364125433566929,636.4910150959342
387,01737B3FCAF409C8BB5431710C11A909,0.005595624332783711,0.8364125433566929,636.0292135243205
388,00F039C78D6263170F9A12C8EABFD94F,0.005595637896953942,0.8364125433566929,636.5465902200067
389,0162B79EFAAA5F4D66E86E6F3D3AC796,0.00559564408778801,0.8364125433566929,636.2318442582824
390,016005BD0FCC536501E59D9E752380FD,0.005595649509279599,0.8364125433566929,636.4934839667684
391,0099BD7EF998F01D936C4174430FA11F,0.005595651932293277,0.8364125433566929,636.0070046834327
392,0088B24BA99879FFF86F5A1F74725CFB,0.00559565464937517,0.8364125433566929,636.1014381965664
393,00777330A19DEEA59077FA3DF5C76FD6,0.005595669143842907,0.8364125433566929,636.0791977744268
394,00C4135745117EACED8A6E347EA261A6,0.005595671217893616,0.8364125433566929,636.1664520475969
395,00A73AB6E48F075B5AF02E360DE62362,0.00559573040315775,0.8364125433566929,636.2716801322459
396,0010C3854D8ACEABDCA75947F28F5C68,0.005595771206019173,0.8364125433566929,636.4878143318921
397,0030CDCFB051FE0836F06E77990B691D,0.005595807461693858,0.8364125433566929,635.9650085106292
398,00854DB26C2FE9E06B0FA7462B1DAFD9,0.005595823652714049,0.8364125433566929,635.9657544347091
399,011337AD6D8A72B20AD359244547E5CE,0.005595879280290927,0.8364833297940115,636.249714439702
400,0110CE4C877CD866812BEC64D3AA3458,0.005595880502774819,0.8364833297940115,636.4626678161408
401,0017C6DC52D834E4994D4198781FA774,0.0055959193440504595,0.8364833297940115,636.222747955202
402,00AAAC3F83CCBBA13986272F2003F8A8,0.005595930383776149,0.83655411623133,636.3205177795716
403,000FD7F9264D549DB146FF23F4B22C62,0.005595962935998067,0.83655411623133,636.1120916529948
404,001F6E0BC9E4F8DF917A46D520D0C10D,0.005595965301446237,0.83655411623133,635.905153518218
405,000F542971F605E7F91131332A9C3177,0.005596003691563989,0.83655411623133,636.0809133302507
406,0019F4140BB8F1636A010562764A17A4,0.005596017370719686,0.83655411623133,635.8344672625369
407,014BE5D30E11B63FD6CD93CA090607AB,0.005596057894151074,0.83655411623133,635.9460395767785
408,00B76FE648B4DA3F4341445E437372DE,0.0055961307019719575,0.83655411623133,636.0854152603092
409,01042EC5FBF974CFF98B71D9644E8113,0.005596145973727817,0.83655411623133,636.0478851119195
410,00E4FAAF9DD986A5C491D93E10660020,0.0055961932017369875,0.83655411623133,636.3756626135859
411,004547181F67934F9510BF3560987112,0.005596226506705326,0.83655411623133,636.0208956356689
412,01694E48CEC29F5B8C7588DB6A066D5E,0.005596290360621592,0.8366249026686486,636.0713320767085
413,00ED67DCD92D38A9AB800818FE0881F3,0.005596308776222636,0.8366249026686486,636.4391266884351
414,00D6C10D443DDA076514D4BCA3CCC4C4,0.005596332569682727,0.8366249026686486,636.1056883739534
415,0120A508FFD901E88003F6D8E6F04C7A,0.0055964270325470356,0.8366249026686486,636.1225448967596
416,005DD552364491AC09A548AB9C29B5DF,0.00559648092074716,0.8366249026686486,635.7758673519694
417,0120989830E47A6C557D6DD0668A7E22,0.0055965364270312845,0.8366249026686486,635.9968156811757
418,004CCA8D6095AAB8C6748C992B605AEA,0.005596620119819873,0.8366249026686486,636.1181438794547
419,007862D1A927013224E2DD88C1C9932D,0.0055966223511297875,0.8366249026686486,636.4945759556284
420,00EECD643D48F3E96C0A194E946A54CC,0.005596629805830089,0.8366249026686486,636.0708167679836
421,00E48B9C99C63133BE969D7F9B5C1DA5,0.0055970694362268425,0.8370496212925603,636.1090408457477
422,00B72977162B7C3516579BA248224D66,0.005597076718108385,0.8370496212925603,636.0948048504493
423,0077428F9EACA2BD8E0E3D207FAA5426,0.005597078571155101,0.8370496212925603,636.1298783390722
424,00BD94F12B172AC9D9DC7DD32ABC8C30,0.005597150212740987,0.8370496212925603,636.0612808959306
425,00EFCC566764EC34BD86D2CECB68BCFC,0.005597188148454113,0.8370496212925603,636.1202811687216
426,00A9DF59E271E18B7E99F7766756865F,0.00559733356537373,0.8371911941671976,636.2127874364284
427,009A0CCE108FB9D2727470FEB6BB6ECC,0.005597574946538453,0.8371911941671976,631.5831120320023
428,009AA3838D335BFB0B84B630D77FA7C4,0.005597621882805326,0.8371911941671976,636.2428112101867
429,00E5E7E56B4B991742C3E86949B7FD03,0.005597707576346589,0.8371911941671976,636.0344491221841
430,004DA218A6C394983A2693B6C8EAD48B,0.00559774175097516,0.8371911941671976,636.1712861766033
431,00EB42E3F7FD691380ADC4ABDAA22A1F,0.005597757789726487,0.8371911941671976,636.1353967035974
432,009C9B3C1B2F97C671E454E4F5986252,0.005597877639738846,0.8371911941671976,636.1745304099122
433,00D42746205FBABCEF6AFEEA7AD1C230,0.005597883901471534,0.8371911941671976,636.2012016863425
434,0081D22FC1643E8FEFF2B9A72E2B9284,0.005597884896298977,0.8371911941671976,635.9812151327575
435,000F44D668DFB1D891C83E5AFB3DA2D0,0.005597936404389436,0.8371911941671976,636.1321502348655
436,00ACDABB78A43E19206D6AFC4E34E4F7,0.005597970917734729,0.8372619806045162,636.1479462571432
437,0046A4A4AC47F9C595B6A5020D5DA6EA,0.005598004652181077,0.8372619806045162,636.1838794787167
438,0053AC5E4D22FCC62F26917130BEA843,0.0055980996661993965,0.8374035534791534,636.1291079587645
439,00A0E2AAA6DD3D8D1BF14D97AE12E994,0.005598374958063479,0.8375451263537906,636.2676837305011
440,0154608E249B76D0070813000DEE66C8,0.0055983861120366685,0.8375451263537906,636.2606509940089
441,0033AE163D8D62730B755F937385A4AA,0.005598523664451682,0.8375451263537906,636.1824539229318
442,005732E45BCFA7AA9C50233F2F11DCFF,0.005598535007064864,0.8375451263537906,636.2435312089402
443,0095C2E28D0919F5A30A4CB968110C63,0.005598557421954808,0.8375451263537906,636.2813351543284
444,00E136DF5F90F978DEC2DBC0606A144E,0.005598587188296866,0.8375451263537906,636.2000956782443
445,008C7032841F8EB49EBD4F2B7046D80C,0.0055986235344300805,0.8375451263537906,636.1780111750189
446,013A7025EB3AC31E7E7ED29B2B7D8ED6,0.005598632594341901,0.8375451263537906,636.1552896857834
447,00C7D779577E197C8EE789E4203566DA,0.005598639877330003,0.8375451263537906,636.2838802099218
448,01539F34B9D23E7D5C31C1566032EFEB,0.005598745678272676,0.8376159127911093,636.2210649412261
449,016B036D4C5555B3A9CEEFEDE15CB73F,0.005598775280982737,0.8376159127911093,636.2809523467599
450,0119E15740317ABA5A761950C9193C7D,0.005599226085830189,0.8376159127911093,636.8618348214751
451,003D2362D2AA0B10C98CBAA647A4A802,0.005599261091769225,0.8376159127911093,636.8682566403636
452,006C8B51C0D7C945837A6475D419167A,0.00559929870247633,0.8376866992284279,636.1815491806899
453,0115B575D49CA2E1EC63492240D88841,0.0055994543246233874,0.8376866992284279,636.3020820754399
454,0134A6815593FDF7E1D0DF8F48ED2373,0.005599596410604368,0.8378282721030651,636.2842834012745
455,013D7F6D075E51BB2187359DA6D4F2F1,0.005599688260047531,0.8378282721030651,636.323910099998
456,0107BA3D8CD6AB31783735170CD3C523,0.0055998259260414684,0.8378282721030651,636.8015060765431
457,009D6FA282778B9FA47569D084665530,0.005600015859556606,0.8378282721030651,636.2665300539151
458,002E1978D29D2ECD3D9D96C1DD3C9672,0.005600136304096837,0.8378282721030651,636.2537372024636
459,0007DE51CE9297733622EDA1BA9A8512,0.0056002441897103905,0.8378990585403837,636.3148823159283
460,0121E45216A207EE659F870F3EB38848,0.00560031948614792,0.8379698449777023,636.3679876549118
461,005359D1D621875B891B1E1371FE0122,0.005600328619173478,0.8379698449777023,636.530718536645
462,00BA7F071B700C6B6F287F802B8271D3,0.005600359806604227,0.8379698449777023,636.3001661663285
463,00F503ABCBCFDC84897D93CCC4198A3B,0.0056004420227057095,0.8381114178523394,636.3805787815712
464,00C270555C0E32E04424E364A2A4E8A1,0.0056009069720116544,0.8381822042896581,636.2923967581769
465,00EDD5C5A7D1D532D9D432C8AFABF5EA,0.0056012188476072255,0.8381822042896581,636.4141230034734
466,012EED90A7A0606DB325301A83D0A917,0.00560123950477831,0.8381822042896581,636.9195383200708
467,00BDD219A6FEE2A2D1A9C7EF7FD2D674,0.005601330646531344,0.8381822042896581,636.328873714147
468,0107C854C3141EE35C8AABDAC7DE95D4,0.005601393660307208,0.8381822042896581,635.8196313114227
469,0125777FA0D9AEF3FAE24AA5F25C734C,0.005602033682634233,0.8382529907269767,636.3897736382403
470,00CBD575C97AF89A4A922F7862AC502D,0.005602348747617336,0.8382529907269767,636.3852433792342
471,01071D3E64192BB85D85F6E96F23F1DB,0.005602369104556804,0.8382529907269767,636.4087453534569
472,00ACC4C5BC59F960196277DB0AC1B083,0.005602578535769509,0.8382529907269767,636.4154784864186
473,01486B981DE484411486F7C5F3F407CF,0.005602938598926799,0.8382529907269767,636.5544293667754
474,008C0A778F98469CB0C4F43292185764,0.005603826696452874,0.8382529907269767,636.4740740813852
475,00C1C5E98C1291FF9F6E8676EAF9AC97,0.005606163762628902,0.8383237771642953,636.1673097862808
476,00DBECE036A1BF86D04281B3E8E86A45,0.005606897712777559,0.8383945636016139,636.4053399271219
477,00303D7551BA2014B7A687D7A5ACB4CA,0.005607065469627637,0.8383945636016139,636.6189063211945
478,0120847DC0DDED0A87087DCDBC32D260,0.005607214560164997,0.8383945636016139,636.3816193685533
479,00495E112CB2EF9F362FBE7A079729E7,0.0056073163925783875,0.8383945636016139,635.8975953923737
480,001A0FFB350404A8C1A5BA953798B9A9,0.005608634742861329,0.8384653500389325,636.7691650057924
481,0093E10D758143CF0E81464935241B46,0.005610708988564084,0.8384653500389325,636.3545138627306
482,00B00B44EA072B6E3967E7292957193B,0.005611201765768126,0.8384653500389325,636.3593822404575
483,0007F4B4406D1275084C3A2BC4087209,0.005611578566984687,0.8385361364762511,636.5773633255877
484,00962D1D0E45118BFDBAB17A721D15CD,0.005614240579313368,0.838748495788207,633.3447183676549
485,008A78561D29AE73C156A10B72B72F7F,0.005615515872302579,0.8388192822255256,636.3767616162429
486,00128EAEFB7962A805D66DE90B223B8B,0.005615531209495095,0.8388192822255256,636.6262216176913
487,0056486A9D33BA6A76B64335D23CA0C3,0.005615569800612841,0.8388900686628442,628.1688867502796
488,0138E0C56A4632F56DB86115191FF91F,0.005616049529695966,0.8388900686628442,636.5474645054875
489,01275967097149B19B642A70D4398B45,0.005616777132107509,0.8390316415374814,636.4689534031979
490,00CDC14532764CA401EF7DEC7153B645,0.005617217715163325,0.8390316415374814,636.6714850382575
491,01321A89C91DACC7E65CEE4957A9C547,0.0056188101947125535,0.8391732144121187,636.6790452027584
492,00B798A174635D67C1AAA60FA2EBE686,0.005618990557514469,0.8392440008494373,636.7564144268047
493,013290F6D8142ACFAC784D5E7153EFF6,0.005620483405076704,0.8392440008494373,636.550155853886
494,002E90CD712125FA627E22772E643188,0.005620701966073671,0.8392440008494373,636.6540602228107
495,0170810141DF7E129C1BF1109F0DF025,0.00562084887474823,0.8392440008494373,636.5706700842379
496,0151C3F35C2D9018E8E282EA5E873291,0.005623697509815395,0.8393147872867559,636.7194519672709
497,0062E8029D31D4992FA2A839A661205F,0.005626481985927079,0.8393855737240745,636.8525432145991
498,01533040DA108C899E77AEAD06FC3F37,0.005627064172103791,0.8393855737240745,636.6147610354311
499,00819F28CF9F790BE32CCBC048E1E998,0.005627571780262408,0.839456360161393,636.8733626835082
500,015E83047E3238DB88C4FA6C0952BA11,0.005628598496143389,0.839456360161393,631.2610527497269
501,0097793146FF470DFB3FB70297EB2F8E,0.005629234090044344,0.839456360161393,636.4228477204462
502,00733F44CF532F195E557D3D4372C0AC,0.005629402449380483,0.839456360161393,630.2636325208844
503,00237EB7F5164E1956DB42FA6BEC1622,0.005630939795282286,0.839456360161393,636.6488142763029
504,0054056DBB54DB933643DF864CCECF67,0.00563161558292391,0.839456360161393,634.1218666349101
505,003F09421B95F0196EE0CE010B465FCF,0.005632586186217647,0.839456360161393,636.8058415740863
506,0139D4B5DB5139F7C57F963FC5185CBD,0.005635384565167545,0.8395979330360303,636.907864376662
507,016F13FE52C85811A4A3812D6820868C,0.0056395231193746564,0.8396687194733489,636.9613303394274
508,006B40E20471881DB283F8FD55568F10,0.005640767976162087,0.8397395059106675,630.9800884194646
509,014A861DC3DB0DC959153584E837845B,0.005641755279863436,0.8397395059106675,636.6603274960269
510,004B232A93D4374587F89A19EC2C94EB,0.005642427286641438,0.8397395059106675,629.7121940859353
511,001B885A13D86C09DDD3726E9B185E86,0.005643568575067426,0.8398102923479861,631.1872829932344
512,0052F9E403847B349D49A5FC2ED359B0,0.0056439846569890095,0.8398102923479861,636.7432588378554
513,0138B72CEBF5C94F689E7FDE252C7C80,0.005645163642940321,0.8398810787853047,627.8470189418434
514,00F1C03C526ACF0330181272AB9BA3DA,0.005646417706494988,0.8398810787853047,629.5389928616012
515,009012EA9415F0FC0900B51D745E3664,0.005646670918011187,0.8398810787853047,630.6361225498036
516,002A09A3686C3C9AEAE4686EFF458370,0.005647107166890097,0.8398810787853047,636.7754734512015
517,010F113AE5DA25734ABF3046E4842124,0.005649155244411674,0.8399518652226233,630.134706474092
518,00CBDE7094C91F44E88A4AA023F101A2,0.00564939165593803,0.8399518652226233,636.5907885848351
519,002033C70AAE775A16ABF51F41210C2F,0.005649549018300726,0.8401642245345792,636.2786119299567
520,0014CF7F9B13426EAC71DE178F3DDD2C,0.005649716255505921,0.8401642245345792,631.0750716384962
521,006DD011D4193B1856C791359D0058FA,0.005650096648967429,0.8401642245345792,630.5507235948571
522,00DE1D5269A03BF016570C9B7A52B2AC,0.005650482555764946,0.8401642245345792,637.3678839695152
523,013EA16164F7CAC677EC5CDE3B432CD7,0.005650957513577026,0.8401642245345792,636.3309355235626
524,00DE7D643C39BE7C4D383F90030808FE,0.005652412122401862,0.8402350109718978,630.3387249515571
525,00320E74DC4DA85BECC29AEA1AE46447,0.005652894766772332,0.8402350109718978,636.8083192414389
526,0020A44C469FB7F784F425D1465CB8A0,0.005653095501611416,0.8402350109718978,636.9497684567173
527,012D08BBE57061258D46D9BB876EBDE8,0.005656068714742668,0.8404473702838536,631.3165450703547
528,012DC38D26F37C5ED925DC1E9E032729,0.005656550644683622,0.8404473702838536,631.3714674060849
529,0004C6FAA6D029752DC8167FBF8848FC,0.0056566878450002855,0.8404473702838536,636.9648830021254
530,011016DB83F861B4FF90AFFD84BEDDEA,0.005656842979104959,0.8404473702838536,629.9843498207975
531,000E2E74C969C9A81930C2AAE67EBE63,0.005656950755867252,0.8404473702838536,629.1373097407087
532,00231E533528CBE806D5FC3E384B9B75,0.005657127102510984,0.8404473702838536,630.8771385866327
533,0057628F7732D3C6F91BAA5DF79E6F3E,0.005658115563105914,0.8405181567211722,628.2546297050573
534,0099526B40DC8F6CE6CF5E254A3EA5C3,0.005658188052199309,0.8405181567211722,636.8765449412656
535,0049CF430141D705B6B3D937BF12AB02,0.0056586371085737275,0.8405181567211722,636.864837591964
536,0106F23CAC53F9E81EAA4A52F5DCD9C4,0.005659854534502018,0.8405181567211722,636.9138535215221
537,00F68AAFE298815B9D1CFE6B4B5D9C46,0.00566132248014084,0.8405181567211722,634.3454688373588
538,0134244EEF463D1DEBFF0E785FEAFD9F,0.005661529624293893,0.8405181567211722,630.2662849365659
539,00495E27C6AC4204BB00D5C6A43BEF07,0.005662346744627844,0.8405889431584909,636.8398187983797
540,00EAF50898DB95849C944AF0FBA25156,0.005662396380582857,0.8405889431584909,632.8112034764998
541,002E60CE760CE386D18B34DEBCB23268,0.0056624612339474245,0.8405889431584909,630.6690979474549
542,008AA140EA79ACC63F727D2BA8DDC45D,0.0056631279921509625,0.8405889431584909,636.926348642131
543,0174A68CB0A8031FE85A12F30B299D94,0.005664584102398784,0.8408720889077653,636.3715299880021
544,004A7BFB62C696565110C5CE9AC3BACC,0.005665068785237648,0.8408720889077653,636.4581908555917
545,015D1BCE34471410DEB46ED84EE6C8F5,0.005665400977417523,0.8408720889077653,637.5312080625079
546,00AAFBDA1F6E03D1151974D0F9A1F761,0.005665729533233632,0.8408720889077653,637.0211101249046
547,00EF21CE5B4CD08C9A32EDC3F9B2A6D6,0.005666913224365633,0.8410136617824024,636.9324325885681
548,008846804A226760946C17D38F5E08BF,0.005667265095004037,0.8410844482197211,636.9408217255752
549,00357815F67E6FC4FCE96ADC52DBEBF1,0.005667615988617314,0.8410844482197211,629.654993158172
550,010689162971C97C0462C17792FE266E,0.00566764683244636,0.8410844482197211,637.1635869915968
551,011C8607574BBC0F70B94B3EC40A991B,0.005668095050229471,0.8410844482197211,637.1339716124897
552,004FD8107CA0777541C2C78F1DAF910A,0.0056685658352596535,0.8410844482197211,637.5455321755219
553,00E5B91658DBCE4FD1825034D8313968,0.005668940640401576,0.8410844482197211,633.3591152763761
554,00925544AFFF6C7E2F12B74150DD9203,0.005669636957770341,0.8410844482197211,637.1903079247975
555,0129F78227543F6CB66543311C86BC9B,0.005670647186134303,0.8412968075316769,633.1269705884
556,008BB0E854AA96974B98BAEFA3560A3E,0.005671849880352076,0.8412968075316769,630.7390592405071
557,0153B8950E7ED7DC4BD5EB0AB9CC2E24,0.005672547280373252,0.8413675939689955,630.7099234155842
558,014E19A1A2E8AAAEADBD002391E25B5E,0.00567315027415205,0.8413675939689955,631.1368339236714
559,013C652C4B737C5DA0531E068F983B28,0.0056739888058015,0.8413675939689955,631.3324090714842
560,016CD5FF5C3DD915B96B3560E0D8E6E4,0.005674132763921924,0.8414383804063141,630.2048708162614
561,00B8EE7AC47A2F856E6F303E81BB8D8D,0.005674697460181233,0.8415091668436327,630.7016427492093
562,0082FE56EE0F66AE64E5914ED31FC851,0.0056760564203578445,0.8415799532809514,637.1554417974932
563,009BA6404625A3BDED816BECAFCBAB02,0.005677225260386942,0.8415799532809514,629.6248179908787
564,015889AEFE9A864774135AC53D5633CD,0.005677656988179791,0.8415799532809514,630.7489637392113
565,005ED793DF0AD5CD5B1A0FE73DD24C73,0.005678423070240579,0.84165073971827,637.273242325641
566,01065B381B37B3D3422F7317324D592F,0.005679793397439847,0.84165073971827,629.312139391414
567,01062555DE44DF352A66AF631F29176C,0.005679800315796957,0.84165073971827,637.0509647252362
568,0160EE48A93A3A6BD2462CC492B773C3,0.0056801485761966974,0.84165073971827,637.3392883945944
569,00960A8CDC92D28F9643BBD081E433D5,0.0056808818760757385,0.84165073971827,636.9465851156524
570,011B2AD740CE66042097BB698C2921A3,0.005680936448831719,0.84165073971827,628.869267252463
571,004B93433B1E7C388EC990CE7DBC83D9,0.005680950854197064,0.84165073971827,637.0222226200813
572,014AC412B38D20350358049FD972433C,0.005682153573296933,0.8417215261555886,631.8640148829367
573,004A64730AB53221B0732E22E09ECA46,0.0056826986318535555,0.8417215261555886,637.0724702443564
574,016214320B6A802FED54EE6548C5DDF7,0.005682880159254999,0.8417215261555886,637.3264489053897
575,00A13D37C4FD8B3B92B2C445F8B7D803,0.005683574884300824,0.8417215261555886,637.6209467373282
576,000EDE09523A08AB1706A47157CC28E5,0.0056837201292685435,0.8417215261555886,637.5003107891562
577,009BA734A61EEBF6B8333FE2DE1923F0,0.005684023602583244,0.8417923125929072,630.5063280732832
578,001CBD010A98D16D82127BA4A1BEE8BB,0.00568466726605199,0.8418630990302258,631.0818051655999
579,0117E83F99A9D34754675CECD4E30922,0.00568514853874158,0.8418630990302258,637.1319851191306
580,007B2DAAAFBD1241687663E91648FD67,0.0056856008252634815,0.8419338854675444,629.4567846001502
581,01572C74B8FC7505905FF20FF083454A,0.0056856510961764695,0.8419338854675444,631.063632637406
582,00964A89664235D01FE7B332B4B5D77F,0.005686549884318937,0.8420046719048631,636.355654014407
583,003E31BA8B8E6FB9A2593A2A42422A69,0.00568696256539214,0.8420046719048631,630.3791353794121
584,00EF84C899DAEB3994E94B7CFE84D5D8,0.0056875307326264,0.8420046719048631,630.6793866097115
585,0145D92EA3ACD100818B3D3EA221CBB2,0.00568859897200702,0.8422170312168189,637.2413073284597
586,0055AD291C5F2C8862D9F4E0AB8D8687,0.005689328014267803,0.8422878176541375,637.1977421316876
587,0056913E5CA3B407561425FE0E2D9098,0.0056893877789783165,0.8422878176541375,633.9360368105462
588,00AE720906751C0B27C60385CCA58D27,0.005689454733391552,0.8422878176541375,633.7615064682184
589,01305F7EDA73C239357BAD3D0BBC202B,0.0056902101317724,0.8423586040914561,636.9504916453071
590,014F44481E322521C99F12BAD1DC0E7F,0.005690361218797735,0.8423586040914561,630.843269741654
591,010895F9E05F53DEDC61CEF9DC3C0E9F,0.005691828685242872,0.8425001769660933,636.6403685353858
592,00DCD76F9CCFBB8D03A69576E434ECB8,0.005692444708176314,0.8425709634034119,632.2062639713413
593,0000835FDD6654A8786E8EAEF52CACA6,0.005693759575281621,0.8427125362780491,637.1372470749725
594,0007348997E4BD9BAB708695B1597903,0.00569385030945202,0.8427125362780491,633.7391054496562
595,00FBF32D4898CABFBB4EE2BDD2EA0D97,0.005694282872419798,0.8427125362780491,631.0834912930338
596,01739A8BE6021EBA9D369D81157D5412,0.005694535887235563,0.8427125362780491,637.2325454442489
597,00DD94B661CB942A86BA86EE5CF513D8,0.005694552401459108,0.8427125362780491,632.2127682567364
598,016B603A8845EACC8D86CE3E7635C47B,0.005694748867392629,0.8427125362780491,630.0363133679168
599,00D73D8F63A1A65B680E2A5DE4C45313,0.005694777250092264,0.8427125362780491,633.3422298197482
600,00BEAEF4777103698E457BFFB00B24E0,0.0056948991993348574,0.8427125362780491,633.1030523313106
601,000DF9A4DD124772484A7755289073AF,0.005695016196442415,0.8427125362780491,637.4604114886812
602,00CFC50440A9E9680B95A42644522016,0.005695681935698582,0.8427125362780491,636.8461137020797
603,00587576E90AC0D35950A26DFE933567,0.005695861175943562,0.8427125362780491,632.2427174902612
604,00B6424525F40A8D93E29B17F20FB67D,0.005696547529981499,0.8427125362780491,637.0021384229499
605,0150A88C646350CDBC143BA5BA3EA8B7,0.005696583073578343,0.8427125362780491,634.9741944637747
606,00119011115BBC75899FD03D4C0448BB,0.0056971128952802985,0.8427125362780491,637.369782493148
607,0145872A02C2621488382BFFA1B0D16A,0.005697470965446039,0.8427833227153677,631.1253791343833
608,00A8A814FF8202594FE6C908C69C8C31,0.005697972722433997,0.8427833227153677,632.5555696747649
609,009C923DF2A7008F46E402D85C91F160,0.005698383939753082,0.8428541091526863,630.4185838079485
610,014EA908B377B63CFE88483EF8199D95,0.005698463214091287,0.8428541091526863,637.8132194536348
611,0112531BA46F83F52C03E944A3EA43E1,0.005698616492997299,0.8428541091526863,637.471322480621
612,0130FE74401B4A2987537DC2376E9A0B,0.005699173692540138,0.8429956820273236,636.7405004792652
613,0143E48BF00161873D46ED4A9FD41DDD,0.0056998962174420464,0.8429956820273236,633.6049606076708
614,00CAB8B57E4B80258D5CC17A2AD7F4B2,0.005699896778360469,0.8429956820273236,637.6350843932282
615,0096DDB63C99C9695B0835CD1251B500,0.0056999136699043,0.8429956820273236,631.6994065408545
616,00BE06A369E6BBDC1BC00E6B2B3B1C4F,0.005700119187343811,0.8429956820273236,637.3715015126741
617,001EEB058FF28B30AB89CEC41F150FC9,0.00570076865533331,0.8430664684646422,636.9306395545789
618,00DEE497A8971C33B4F51688AF5390A4,0.005700901566831562,0.8430664684646422,632.3378220601164
619,00B13B3063EB284EF8117D8CDC1AA32E,0.005701414562586327,0.8431372549019608,633.3907457373483
620,00850922D4594D948F39675DC724E7A0,0.005702117278980512,0.8432080413392794,636.7420512255508
621,0122FB74CF1421C2A305AD76DE6C91C2,0.005702228685736888,0.8432080413392794,633.7551169176644
622,006A267270E6EDB7D31584AFCD76CEB6,0.005702414115165366,0.8432080413392794,637.229874487329
623,013B30347D3F1486D66215A533D31C1E,0.005703070123405207,0.843278827776598,633.5425070429969
624,015C4FB2DCFA888AE2841637015842CB,0.0057031241625483675,0.843278827776598,632.5178807144913
625,003B5B0A51388945C051C2DA2B17F3D0,0.005704180678332449,0.8433496142139166,632.1007330934457
626,0119B1CD1A10253925554C7B69397CF7,0.005704332479399055,0.8433496142139166,633.8968496730324
627,00B163AFB251543691DA0C3CB64ADE44,0.005705990004661099,0.8433496142139166,637.677840247912
628,000FA0304B7414780F854439CDDC9B5E,0.005706006911511907,0.8433496142139166,637.8879271654868
629,009BD586E99E2818AD1DD57C6674CAD9,0.005706312385708956,0.8433496142139166,634.0215727821974
630,00AC40BA0B51E9C428E2562E9DD2FB7D,0.005706652419366187,0.8433496142139166,637.5621951111042
631,00F8C03672179B256691D1880FB323CF,0.005707265707687648,0.8433496142139166,637.4940667976236
632,00D39D617517F1F0834EA2316E6901F4,0.005707844004107954,0.8433496142139166,631.9238177925854
633,004B5152A515D9A239FC7F51443084D8,0.005707946481304349,0.8433496142139166,633.5428890842051
634,0153A9A3C6D303315FD002F37B5D9556,0.005707958888906739,0.8433496142139166,631.9407651037019
635,015B8E1134ADD010BA656D73DAC1B6F7,0.005708415056716931,0.8433496142139166,637.4492736193909
636,00DAAADBA8E9F47EC1E9F57058098A07,0.005708726847311829,0.8434204006512352,631.0587627897077
637,00AF65D4BC07CFDD27660E6694048F61,0.00570921040889405,0.8434204006512352,632.9297797723817
638,0173B537C0382D2A7D660B356050B22C,0.005709768128150827,0.8434204006512352,636.0920127545377
639,013C921BE055D6F9B3B448E2562C14A0,0.005710193436063382,0.8434204006512352,632.7336030859486
640,011D01D943B1509BE9D410ACBA49397B,0.005710246509929795,0.8434204006512352,636.8308926538026
641,005573F516C17851858D269FD1768199,0.005710399106024,0.8434204006512352,637.6415075455252
642,00E0AEC21B73B51A125A1F00A7C60DC9,0.0057111273391977635,0.8435619735258725,632.0031604828896
643,0148E73940C978434974CCDDB24CB55D,0.005711343696950033,0.8435619735258725,637.6928838500588
644,0149FE17E4A5271D26EB21B1EF8A9A43,0.005713466606263151,0.8437743328378283,630.6337905502627
645,00454C6F27FC963259BA46B14087BD24,0.005713699914541515,0.8437743328378283,632.6061228748412
646,002893FA72B3A3BD1EB51F65A52E8995,0.0057138383801865755,0.8437743328378283,629.9956845258138
647,013CC95B13DADA1C8BE3425910FB56D3,0.005714649508109848,0.8438451192751468,637.1339085187855
648,016D057B5769B0046200EAA7B0928238,0.005714954551393703,0.8438451192751468,632.0096503331866
649,00528636F229A80B10D42CB9362BD578,0.005715646027630861,0.8439159057124654,636.9430595962831
650,00CF673210DCFAEAB1FA05CA0AFCDE5B,0.005716394021845761,0.8439866921497841,637.3903364738887
651,00D8CCFEA6B58FCBE83CA1ED20A6ED0F,0.005716494356613144,0.8439866921497841,632.5813699937643
652,00CF785C8E85DADA9A3F41555623869B,0.005716566848400828,0.8439866921497841,631.6215790754771
653,0050ADF9FE485FAA4B9990C134FC1A83,0.0057169364456616245,0.8439866921497841,632.6955769621652
654,0083E508A267B17643EDBAD6CEE8EA16,0.005718994321010862,0.8440574785871027,637.4333993958772
655,0013A7BC37A7333A99D7FD1ADE9EAC9F,0.005719227848598019,0.8440574785871027,633.2092982214991
656,01620837185E23F8D278DE04E21349E9,0.005719401302131888,0.8440574785871027,631.5626476072689
657,0166B372B02E6B4D1175CFC1DD328E00,0.005719488298574715,0.8440574785871027,637.4642571580158
658,0111C9D76B12ABD97408C6B2089BA40C,0.005720218303365554,0.8441990514617399,631.8114793861904
659,006BD631B370E610B3D7F046B76B2C0B,0.005720672372149238,0.8442698378990585,633.0789599863684
660,0048D3D4FE2186090574128491C5142E,0.005721093721086534,0.8443406243363771,637.3496042254677
661,000365A1EE86DBEF6CA14B2E8A614533,0.005721849026007808,0.8444114107736957,637.5729790934703
662,0092CF7744CB93C50298E5F85E24EE73,0.005721883111077575,0.8444114107736957,636.1818660326998
663,00B710F5BC0CC648DB4E5E1CCCCD4962,0.005722617038934286,0.8444114107736957,635.4601496150634
664,00184E469368FD42484958C71BB0B621,0.005722730625943084,0.8444114107736957,637.5929932587368
665,0002B10036F83AE1808B0A4919D83785,0.005722759086772111,0.8444114107736957,638.0656101425961
666,000C6455F6295DF216B7F27258A3865F,0.005722796234052474,0.8444114107736957,637.8867626460056
667,015025F4EDE3DCDDB695B815C4478BEE,0.0057235267354796004,0.8446237700856516,637.5245130455914
668,000A2FFAC5D751A905FF8B83354E465F,0.005723676400879341,0.8446237700856516,631.7050779196006
669,00C019304DC22C9201D05B3969A3B610,0.0057239407236489015,0.8446237700856516,633.3348705944563
670,00C44120DE7F3C2DB545712C5182DE16,0.0057240543278184175,0.8446237700856516,632.4541476709326
671,00A1B4877AD4D4514D132973B6C1C515,0.005724764056858622,0.8446237700856516,637.3491702964182
672,016E3B94535FC7E38AF390EC5D343270,0.005725092065963278,0.8446945565229702,637.4582665840106
673,007F7D7A570246639EA31B4C06A971F5,0.00572541244809377,0.8446945565229702,632.9407206220459
674,008D96176EA72232DC245A324692E422,0.0057259435477220455,0.8446945565229702,637.7364817102745
675,008A1888216A409C9D0C79A92466E6C7,0.005725949547598863,0.8446945565229702,630.8309693778134
676,008194C5E71462324EF4D6FF7EA0C732,0.005726164520341137,0.8446945565229702,632.9379840499524
677,012373F253051D09BCB4E896E9F955A3,0.005726544230352237,0.8446945565229702,637.7192770513702
678,0035709748DF2A75D12D97756EF500F1,0.0057265551839879025,0.8446945565229702,631.707026937272
679,00015EB4EA9D901382BE568FCBC2AE03,0.005727063384693198,0.8446945565229702,637.7881137230495
680,00B4F391EBF2CA028F21323EC0760940,0.005727386374158927,0.8446945565229702,637.8246281761196
681,006F1601B829A32C9E069989850DD412,0.005727530477482423,0.8446945565229702,636.3976665510661
682,00710B03BBAC78A382B014BDD0A0C139,0.005727709645749313,0.8446945565229702,637.7732548170638
683,001AC884087CC12480B214F518B7347C,0.005727801500545304,0.8446945565229702,638.1008113343325
684,016E84990575615999BD436227ECCB70,0.00572780635448944,0.8446945565229702,630.9918845364618
685,007BAFCD03EF089F560E34C62799DE62,0.0057280919769344685,0.8446945565229702,636.9645873954782
686,004A9CCE4FC1CDE51FFAA51E1C622ECB,0.005728641389563527,0.8446945565229702,628.0531770306608
687,00EBA1E6DA4C3804E1FB18609897B5F5,0.005728881911528316,0.8446945565229702,637.6449395508376
688,0137E245576817BA6242F128308661E7,0.00572902859996216,0.8447653429602888,637.5955164817746
689,005B8751CFFDD757805F41EEE3C08DFF,0.005729207061865416,0.8447653429602888,637.6843711659315
690,011AFA644E149EC0A15340AD177723B6,0.005729233503342868,0.8447653429602888,637.6408994206188
691,00CDFF51DC852AD8E3100AFB55C2C6D4,0.005729611071701113,0.8448361293976074,631.3815267257088
692,0135D2DF4FC2587A0DA3F609BDA943CC,0.005730185252648234,0.844906915834926,632.4814358612356
693,00E8D686ACB1D76160AA3F88CC7B0043,0.005730309969827485,0.844906915834926,637.748248195573
694,0072631B29E467BBAFF58ED68A27B4DD,0.005730398583221996,0.844906915834926,637.8511639559936
695,010EA6A4EED2A5551CA4C7403F517036,0.005730623824671599,0.8449777022722447,632.18411227962
696,00C655A61D248689EAF5206FE4868397,0.005730815649919063,0.8449777022722447,637.7316846542228
697,01433591D6FD4DA8EA7E6FC8575B2F04,0.005730865953288644,0.8449777022722447,637.1203479017914
698,00C847437EE4428CCF92C318D683AB6E,0.005730870241269059,0.8450484887095633,637.9440846126397
699,011BBB253E813D6B7339099520829334,0.005730899831861813,0.8450484887095633,634.7542276467367
700,00F2BF1E45E3EC45F42C519E39B46EF9,0.005730936942440534,0.8450484887095633,630.7544555332555
701,012D760EBD55535CC7180A0DF5F52760,0.0057309742632633,0.8450484887095633,637.3423261070103
702,013C85C21423E2D9BAAA9DFBF052574A,0.005731082274652577,0.8450484887095633,637.3268219980757
703,00A83358749BA0C6B7B466AA64CC44C8,0.005731111414466694,0.8450484887095633,633.9698494310544
704,0163332B0564C36C8FA6912E10F380E2,0.005731163406927697,0.8450484887095633,637.5453949614637
705,00B570632536A578244A3F8A7F44E467,0.005731216639850545,0.8450484887095633,631.1834466466834
706,00F32156CA7D2963E408F7E300309837,0.005731452383856306,0.8451192751468819,637.8098869712506
707,017316A722208CE96E2AFDBEA5369F52,0.005731472996863274,0.8451192751468819,637.4825631009749
708,016BF774A4F66CE1CC94E0EA9EE58A56,0.005731822783235807,0.8451192751468819,637.2352161363367
709,00B0E967F42AC7D90E400E611050FDD1,0.005731857856660971,0.8451192751468819,632.8155473938198
710,00A6575621DF810171351AE38075ED07,0.005732057756185904,0.8451192751468819,630.6879767073835
711,002D85CE170773321693108744486988,0.005732307586566621,0.8451192751468819,632.8533523086271
712,0092538B1B43A664A597A950E44F82D4,0.005732591535380194,0.8451900615842005,637.4720307492736
713,00CE176358D061042708BED3C3BBB73B,0.005732685177773478,0.8451900615842005,637.5374391619341
714,0039CD8EA344EA6A55B38297040AB95D,0.0057327962115517606,0.8451900615842005,633.3679665194563
715,003C56FF87E166822DDB5D5BE0020E75,0.005732959559493933,0.8451900615842005,636.194171501596
716,014E4F1110B08E962528533A299A52FA,0.005733025815941151,0.8451900615842005,637.3101473694536
717,005BA82D71A4846A6EAF1652CDD13E8B,0.005733161416586974,0.8452608480215191,632.1798136954772
718,011B9BB2E7DA8E45F179F02A61BA3DCA,0.00573320067340144,0.8452608480215191,633.6770676903659
719,00019522E05D6177ED3F0679DD93A166,0.005733217239915267,0.8452608480215191,637.4429481035937
720,0169E0332AA9454A35A08F45A8BBF051,0.005733366085688307,0.8452608480215191,637.5208672672005
721,011DE226E0B825D1DDE6308FC5A10C19,0.005733416416562664,0.8452608480215191,637.2391242715557
722,008282BC3FAB5ADDC4E771B0A50D8B0A,0.005733589936424144,0.8452608480215191,637.512060774869
723,015DC1F84F2B3E7CC8C30CA421BB87D6,0.0057337628601776824,0.8452608480215191,632.2453555662925
724,013D160272366E681D482AF34DF21701,0.005733893060354878,0.8452608480215191,631.4040168972407
725,0015FB16524A83C3DB3EAC2439416F62,0.005733932692397414,0.8452608480215191,637.8767726948299
726,014D0DCD2082A9926D671FCEEAC9FB5C,0.0057346248091249,0.8453316344588376,633.1353188276024
727,012BC95BC33395C7AEB3F9A8B2C9C158,0.005735227727702741,0.8454024208961562,637.0715805485678
728,00749CB55D715E345516427473B0B6DE,0.00573532681159572,0.8454024208961562,637.5147300532653
729,0053298406E8E550435DBFB4214D2222,0.005735833032245896,0.8454024208961562,637.6159747735109
730,0021F422CF478B21F5EB713802034DB1,0.0057360989275323515,0.8454024208961562,632.7222611881128
731,002FA5B90478BB4D0955C82A54295E93,0.005736279112458886,0.8454024208961562,637.6741973277444
732,0071CF9ACA023F18A82897EFF28F111C,0.005736515751982085,0.8454024208961562,634.0021410489315
733,001B45AF3BA7D7DB8C79589BA79D9598,0.005738443367873325,0.8454024208961562,631.3352726116808
734,0005504D858A76A8EB6909B28EB3E492,0.0057388050518811795,0.8454024208961562,633.992864593699
735,003EC87300D627B661951F29482412D1,0.005739234929214465,0.8454732073334749,637.7288978665807
736,010C1D3E21D266B9A5BE5982F62F162C,0.0057392741798393265,0.8454732073334749,631.3137743499699
737,014AEB3D560F2DE9A243B5E7A63FB216,0.005739354440530198,0.8454732073334749,637.6138939252623
738,009FC921316840AA0B2F91BC492DCF63,0.005739444581575492,0.8455439937707935,630.6103724809618
739,00751A76C79498A2D3C796EFCD6B5A63,0.005739463120397192,0.8455439937707935,637.6680596073239
740,0061ABEE47535E808F506CEE26FF7A2A,0.005739882855992029,0.8455439937707935,629.5503724923701
741,0143F26D2A04CCAAA3AC83C71A5FE008,0.005739933653970741,0.8455439937707935,635.3683197344592
742,00D47224B8740CEDEEC2526A610270A7,0.005740274076509122,0.8455439937707935,637.1922641665705
743,014741F5FAE0F9314EDDA679228C33C7,0.0057409540378562385,0.8456147802081121,633.0987817306986
744,012339F911ECCA9B8E5192CECE7A53FF,0.005741150734107303,0.8456855666454307,637.6222250037841
745,000D8CEFC01F9988927DFC13EB18052D,0.0057411708657558735,0.8456855666454307,637.3977769470188
746,00DD6283EFC5ACC80941F1FA09F6E210,0.005741428083786637,0.8456855666454307,633.2026088109128
747,00A08FEC9B843D26DFB4830B12549DB0,0.005742254808922875,0.8456855666454307,633.2195078067886
748,0065589CD4391EE15A1F893FDE743D10,0.005742525017537692,0.8456855666454307,630.8451785739779
749,000191E9E4E6F1FB61EFC070D968BFE5,0.005742639515825543,0.8456855666454307,637.4129036266179
750,016414011FAF98D6417E5A0123296620,0.005743182813578884,0.8456855666454307,637.3978631753606
751,0083109AAC022E3DA6B31E07F63A4255,0.005743797724709121,0.8457563530827493,633.7921138116375
752,003F05AC7707F8B223EC4D122CB7F68A,0.00574426393163785,0.8457563530827493,634.9647603754997
753,00E83E33E9837CFA1CFCC733C3DD382F,0.0057445163484753925,0.8457563530827493,631.9956027478263
754,0056EE894B9ABDC13E7EEECEC3A36F82,0.005744640710902638,0.8457563530827493,634.7149742303948
755,00DEAAF11DE777B504AF10AF8592AA5E,0.005744876130448495,0.8458271395200679,637.6824351262727
756,00A3563DCEAF9FFC33ACA6DCDC82B934,0.005745458717595797,0.8458979259573866,634.3713098607184
757,00AA0DE97F628DE38BE5F8B324DAB126,0.005745932182282809,0.8458979259573866,633.0289916507174
758,00DA9BCF9B4C5E44C7613B2CF4872176,0.005746035057571985,0.8458979259573866,637.1225652363204
759,014CC010E42D6A568F975E2F74180FC0,0.005746155320784152,0.8458979259573866,638.1768882886497
760,00629A55100DA2F507DA187E94425736,0.005746197261542019,0.8458979259573866,634.4879660428478
761,002E0B178868B291DB1C78024937B6B7,0.0057462554286979994,0.8458979259573866,633.273038942874
762,00FEF00CAA42933E8D7FCD3B4E31154E,0.005746361420066792,0.8458979259573866,631.818324344014
763,004E7F711F891AAC5CF8C09BBB47B9FA,0.0057472277257899496,0.8459687123947052,638.0864982837833
764,01012BE2FCFDC08C01B637518B6E9A07,0.005747321827705987,0.8459687123947052,633.9776088450448
765,005F0B0515BAA598B638B9A99BD297FE,0.005747922818124862,0.8459687123947052,632.9868986404198
766,007BB6B4FEA38DE7262DF3488E2940B2,0.005747944285257711,0.8459687123947052,634.587826525936
767,011867B8687BCAB853CA096400A9DCAF,0.005748041991413544,0.8459687123947052,635.7090325119804
768,010695F108AE79B1AA0616AC69981903,0.0057480868245748384,0.8459687123947052,634.2057232892821
769,01686DE6F619B4A1EE454DB59A54A405,0.00574808960637041,0.8459687123947052,638.0457839612437
770,00DCCA93CDDE1E0A7C2FD0135222F2AF,0.005748124851209568,0.8459687123947052,632.1620588067099
771,013E7A6215F3096EC2E0D8ED8896991A,0.005748281403022526,0.8460394988320238,635.6348345256873
772,006C6062B829290E549E7F38BC335650,0.005748488636463045,0.8460394988320238,636.5962011923059
773,0143384D64076325477CFBF40A62AF7A,0.0057486002640737555,0.8460394988320238,634.704599244545
774,00C738FF69FC9C83CBE09B0A886ADD67,0.005748691657709859,0.8460394988320238,633.2831834887245
775,01594ACE94A46BF5EEAE1F2BFC31974C,0.0057488056384894515,0.8460394988320238,634.2464734561612
776,0168816CFA3F919B153F250BAB0A6C71,0.005749042797284942,0.8460394988320238,638.0122242515461
777,00AFADC07A1D8EC36A71D187199412A2,0.005749266070382841,0.8460394988320238,634.4718716262629
778,001EBD275BC621EA354EAF7DAF79D089,0.00574987210165856,0.846181071706661,637.540818799637
779,0126AF546CAA64911CDDA5BEEC870373,0.0057502967758379375,0.8462518581439796,637.964219508163
780,00BA06DD3E3886DCAD0B9A94BAA28BD0,0.005750308340438992,0.8462518581439796,637.2302677492881
781,003FE1EA8ECA8F216DB66A7F59D62716,0.005750522015423365,0.8463934310186169,638.0003605559233
782,00F20AC9DB5374247249ADEB6DF5A742,0.005750590979998971,0.8463934310186169,637.7253439248026
783,009A4FC696FF030A3860D3181BA30C40,0.0057507806175448595,0.8463934310186169,637.9458490938766
784,011356FEBD68C570E9D35B79F57A1395,0.005751357763113418,0.8463934310186169,633.7842755548808
785,006BF041EBEBAF91FBF1D0114D7A4485,0.0057519268100929555,0.8463934310186169,635.3798442590933
786,00AE7885393165669248C3926C6AAE32,0.005751935029790101,0.8463934310186169,633.0292609366747
787,00BD641B38B6CCA0E8ACD6A2C936B6DC,0.00575206637169734,0.8463934310186169,637.7362307153509
788,00AC5700F1F9CE18B394C61B184A8C1B,0.005752211053039802,0.8463934310186169,633.257415716037
789,009DAD3E2AB71337B18BAAD46C626DEE,0.0057524964685630176,0.8463934310186169,637.8067237866278
790,001BEC4BDBDCF0407E71C60C2ADE0EB1,0.005752530608335249,0.8463934310186169,634.1346514347811
791,00622B792FD1D93D2D78FC07423FA9D2,0.005752556697303457,0.8463934310186169,633.0821085478431
792,002F40F1DB573197CF8D8D4D74F316A8,0.0057526340253795105,0.8463934310186169,634.2370839713191
793,002753542DE8E9B9F9C9101DD283A5AD,0.005752703798257652,0.8463934310186169,637.8111761167476
794,0138323542B950F6FD27FA77DD27FC32,0.005752952103539433,0.8464642174559355,633.7842978718849
795,003F4383B3024E40A4E967CE9650C586,0.005753214585053401,0.8464642174559355,637.7021670799106
796,000461866BCCC92DFA2D5C31EF213933,0.005753218899631207,0.8464642174559355,638.0441245925006
797,0122B060F76E099B42DA4F39A95E6CC6,0.005753713232616198,0.8465350038932541,637.9245167350329
798,00B30D5C4B8EA12CEB289F9CD88E2AF5,0.005753741422675707,0.8465350038932541,637.6909817489241
799,00EC9894FFA428118F0AF2592F20A2C3,0.0057537838012169384,0.8465350038932541,637.3114390684484
800,00274C7C51299B3310BEFA520D3607BE,0.005754754550999053,0.8466765767678913,637.6542437951033
801,00D4615A5DE2F2EE4460167C6D0A4F00,0.005754981907976187,0.8466765767678913,634.2142681704374
802,013BF0F039393201B74D5A1978B83E39,0.005754986538104023,0.8466765767678913,635.6560064911744
803,00185AA12C5072447A1586BB78980680,0.005755257410641423,0.8466765767678913,638.0053362150718
804,00AA07411DFD18B41B5235DEF0BC767C,0.005756058542225828,0.8468181496425284,634.7259112536791
805,004EF9338A6B34C7EFC893DFB2DAECBE,0.005756611126214839,0.8468181496425284,637.7127999432143
806,00D3944CF0EA5F8B29D404052D354144,0.005756640096982957,0.8468181496425284,633.8674366370285
807,00A7C9CDF58C0B7017DA24F2E7523A47,0.005756700329565434,0.8468181496425284,637.7508710350336
808,00C55CFA5CDB6387F867C35D256A7601,0.005756833233167558,0.8468181496425284,637.7053010564564
809,00FD1B9B9CFB30C323E146DE256D41DE,0.005756835889852097,0.8468181496425284,637.616758672068
810,0048B1510435098C678363FA7CEFF7F5,0.005756841282718361,0.8468181496425284,634.2656459295321
811,000D8B8A8435F071F952115C60AA5145,0.00575740651672052,0.846888936079847,637.2667328164061
812,0151D31589E9A2389B38B52C1F45C108,0.005757648253110537,0.846888936079847,637.7658042369555
813,000AE1010C6675C5B7A773182A5245E9,0.005757745644079049,0.846888936079847,634.3387603509667
814,0149C556A34EAD7BEF7E61DFE75C405B,0.005757787376781565,0.846888936079847,635.52476771108
815,002A8BFD3D995127ADA33220322FACE4,0.005757943599707271,0.846888936079847,632.6392036279337
816,010471BBCB1E9889DE5D23E1BBF530D2,0.005758437048340448,0.8469597225171657,634.6235688299726
817,00CDEA8481D38543008E2F26DD2D2B6B,0.005758546744432103,0.8469597225171657,637.8660454646608
818,0015DC06CB303AAAA669CED4F66A9181,0.005758708377761268,0.8469597225171657,633.7749843932421
819,0042ADC0AFF0E402392612E4DA423199,0.0057587188476435625,0.8469597225171657,635.7274141921242
820,0173D346177E6D035CAC1FB8E5C79BF7,0.005758828152125917,0.8469597225171657,638.1703188217673
821,010984E91AAD9685FCD2A3C51A1DE12E,0.005758985907342473,0.8469597225171657,632.8862895142835
822,009F4779CB01A10ED0ADDAB57B77F54D,0.005759045199544843,0.8469597225171657,633.3708263691456
823,00D2152E489D9ED841CB0DEA9067B593,0.005760024286989962,0.8470305089544843,634.5486580569354
824,005DEE464A1A4B179B893F33727E37FA,0.005760069959071967,0.8470305089544843,638.1006877900803
825,00141C94C2AF48B2AAA554459161C199,0.0057601284604754666,0.8470305089544843,637.8210042049504
826,0059A221D8CB85B04AFE1C139A53908B,0.005760247846183675,0.8471012953918029,637.2294924199559
827,00049BD8BAC4050C3EEC98740388640E,0.005760363334896823,0.8471012953918029,637.6628484993499
828,00B71E3ADAF8B7EDF55E4F45BCE6697B,0.005761030290278302,0.8471012953918029,633.006365884369
829,004F61FC97837C3957D6282A7B402788,0.0057614312625831055,0.8471720818291215,634.3176804626806
830,01094271E6A2C1771A40B8A58D4AC181,0.005761642357314134,0.8471720818291215,638.0517309943864
831,015962BDA27519D0BEDF3BEB309C474E,0.0057618912795739385,0.8471720818291215,633.9829984963101
832,010A28475DD62F39AFACA8DDD0BEE39E,0.00576199832859714,0.8471720818291215,634.2045341680183
833,00250F56302FDFCB5F3EC67B859A0C1A,0.005762212050063664,0.8471720818291215,637.7984927864863
834,01530AD234EC0A14204631DDA3720DD7,0.005762366053165491,0.8471720818291215,637.847132635012
835,0060E8CE51C2AE70287D50F5682EFA84,0.005762423888090007,0.8471720818291215,633.059573498012
836,00C437D8B9240E752395CC41D82609AC,0.005762442597597284,0.8471720818291215,636.6933098607791
837,015C07DBFFEC320EACFBE5FFE5F71D71,0.005762546725093465,0.8471720818291215,637.4076637780804
838,008AC9E5B321E34909272C08596A7E15,0.005762640683080411,0.8471720818291215,637.5886279945272
839,00170AF9236136787800A511C0880002,0.0057627594620671685,0.8473136547037587,634.3319720918457
840,0025D9A20B03FE23A4BACB7F21BF417A,0.0057630993885015025,0.8473136547037587,635.8550079774993
841,000248CBD26FD24A671A496A92016DAA,0.005763151265940403,0.8473136547037587,637.5226521061855
842,004212DEC30559E0BBA81CBC7ECB9168,0.005763181125191141,0.8473136547037587,634.8614311541177
843,00D06248AC04F91E7CFD8365DD422C0A,0.00576319266092018,0.8473136547037587,633.2757370280194
844,0172ACFD15E15FA50FD2DB12932CCC48,0.0057637758195377975,0.8473136547037587,637.8946674103667
845,014067DF3D567A2315B395E51DB0EB37,0.005763926524091745,0.8473136547037587,638.1326229283775
846,01482BB71BBAF8D3D5F3929A193C0F7A,0.005764401161569066,0.8473136547037587,637.4544533517237
847,01081235BB217640AAAEAFE075DB02BB,0.005764848621062746,0.8473136547037587,633.7712781016895
848,00D0D0E8C7E9AE09F6F66CC2AB5B856F,0.005765139070030401,0.8473844411410774,638.1334843461549
849,014C72E88BF2F0EC6B04B8A93EAAC54B,0.005765387853895354,0.8473844411410774,635.8567399182317
850,00D885AAA01D20DFE5A8D9969CE31190,0.005765532989352673,0.847455227578396,638.2920655650971
851,00CF2AE53B4BCD8AA9F68F3ABED2A11D,0.005765763271411428,0.847455227578396,638.1796277565918
852,0040E0780DC5E90348CF350E7B168B6E,0.005765850961311658,0.847455227578396,637.9160971365659
853,008F1E47B746E223FE9BEC6B142B27E4,0.005766417149721703,0.847455227578396,637.8409816206764
854,00B8DE6D2C173949D0656665EE779BCE,0.00576651997704325,0.847455227578396,638.03522757462
855,00DD984031811DE8AC5DAA2921BA4F6A,0.005766638348275288,0.847455227578396,637.966310418667
856,015F8478D895185F0774C891AB429BE8,0.005766803605868898,0.847455227578396,631.8407542442548
857,010DEC379A030EC80093303689E88164,0.005766848405388325,0.847455227578396,632.4864916238029
858,0083B358F14816BC3206507B4F8F1F49,0.00576737337793487,0.8476675868903518,638.1507589220921
859,005BD735E5F307EE75099F76D16A62E9,0.005767505784933458,0.8476675868903518,638.171596302357
860,0035ECD54DD85A973A5B829B794F2A12,0.0057678499999734845,0.8477383733276704,632.3392578783362
861,00007E088374C044B5496EC5D3CEED8A,0.00576787988773475,0.8477383733276704,638.2032579830601
862,00284AF1F13887357BEB37D3D8870062,0.005767932672245291,0.8477383733276704,638.2786458508954
863,00E710013D930A17CE31D4BB8CAFC490,0.005768092290989513,0.8478799462023077,637.3386253581309
864,00860EC4F0F4807C62B3749CF187E042,0.005768265354279434,0.8478799462023077,637.570929218509
865,000B7091E7FE9DB51C013F1538AE1912,0.005768496621093688,0.8480215190769449,630.9215830261884
866,0137D363F349C64BEC658EFAEB67C4DD,0.005768559824735786,0.8480215190769449,635.5158511455438
867,010982275FDB63F116F704A2391FD86A,0.0057688596932522485,0.8480215190769449,637.7659770476274
868,00883C1E5DD08039AD4CCD436547022E,0.005768868497233681,0.8480215190769449,635.1625227729512
869,013196DE68351B0A233B0EE738311D43,0.005769400193196272,0.8480215190769449,634.3613324926841
870,0094C0BCE8A731A79BECFB57299E46E0,0.005769526489316057,0.8480215190769449,637.3488821528101
871,013EF5D1A638C924540E8CCFE5F1887F,0.005769674393602986,0.8480215190769449,637.857802457334
872,001A84A29295B62E3EE77DE723C2E02A,0.005769808529462739,0.8480923055142635,637.929098903233
873,0010DDF75BE0D9C0BA2F09BF6EC1EBBA,0.0057699479046275925,0.8480923055142635,637.7868366836987
874,01156A072F4EEA0CE714441D06EFDEFD,0.005770646201913809,0.8481630919515821,637.862171911931
875,00EF50B9BD86E75F24E3A1B44C01E6CA,0.005770762008934227,0.8481630919515821,637.6598227424797
876,000404B22D5F25E3B189A89167FA5F49,0.005771030907975705,0.8482338783889007,637.8613273850732
877,0077772CA70624594E84B37F0F80D0C9,0.005771175927797856,0.8482338783889007,638.1324178859383
878,0122683E2C480C98D3388136E66B1DAC,0.005771691872686779,0.8482338783889007,638.0103358384331
879,014F08BE02905E9F2718C02FA5D6A53A,0.005771799797046784,0.8482338783889007,634.1258092862673
880,0004DA466FC86E4D38671D286EE6659D,0.00577190711222586,0.8482338783889007,637.4693864935065
881,00C4C77C557886968D3060EA8A1AB32B,0.005771983485181487,0.8482338783889007,637.4927251668988
882,0033B39FDE0BB1A2F2E8A0B989578D9F,0.005772067364543165,0.8482338783889007,637.7739748752139
883,0150F2E37E988071E0B5C0F8C495363C,0.00577235767824924,0.8483046648262192,634.2741595365088
884,00A7D1BB482625AE2272B28B2E80DCA9,0.0057727519109275205,0.8483046648262192,637.5044090994221
885,00A87A71F9072148B8A4DF1B468BA685,0.005773013059172771,0.8483046648262192,633.9240164044957
886,00BB33F5F94A2C1CB69E86FB1C960118,0.005773112971265593,0.8483046648262192,636.042964389249
887,007D0C8D48F3BDE30DF51BFE5D6E5098,0.005773232401737327,0.8483754512635379,633.1486415356563
888,00B62F4B58105DA256E4A6F8F47E25D9,0.005773657724070791,0.8484462377008565,634.479031370557
889,00FF96D23808AF824CC4FE6158709C7A,0.005773674805639728,0.8484462377008565,638.1923740964597
890,014A82B4E38E1E0E3BE5A2ACD076F911,0.005773787602676994,0.8484462377008565,638.1107153592708
891,00831AC8E466512C370B8A27C997BE95,0.0057739247570421925,0.8485878105754937,638.292229862812
892,0158CD81148FEB14A413644661C5E701,0.005774521506892838,0.8485878105754937,633.5778439219478
893,00CB18CC77DFA23A4926E0C58D3D60C8,0.005774847312412623,0.8486585970128123,637.9710522515954
894,007A8E670ACB5275E9FCCB734C85D23E,0.005775415932594341,0.8487293834501309,637.9712086093347
895,0133DBEF3F925000DC8A32D16619CFF5,0.005775421018538118,0.8487293834501309,637.8149004456913
896,008F3607578A928624D0FD1B7F444015,0.005775517538306518,0.8487293834501309,632.2607378656405
897,00EB06367EF6AA9E66A37815221F51CF,0.005775968882403393,0.8487293834501309,638.2847125119398
898,011F751191ACCA9469FA5FFE86A13880,0.005776209889167383,0.8487293834501309,637.6105319424671
899,00BD11D000D0C6F3878C7A86220AA1E9,0.0057763355293319885,0.8487293834501309,634.6690878341267
900,00B106B3C9D2E21122D64357050AECD9,0.0057765137520848775,0.8487293834501309,635.2133683233711
901,006BD3DFA8A4B65254282CE9543EF11B,0.005776546045318742,0.8487293834501309,635.3215999332198
902,00AB72F97E347643354F038C27623415,0.00577677073923244,0.8487293834501309,636.055397455855
903,00CF229F543EFFE23436CC03343765C1,0.005776910136601976,0.8487293834501309,637.6253281792622
904,00CAA11DA0C7A2CC4E0D21B2A1E1039C,0.005776964395061146,0.8487293834501309,638.2598919320536
905,00769B761D59514F221D444671E841E0,0.005777824191326553,0.8489417427620868,638.2488117788594
906,00AB17C7D2A794F3DAF452B083017322,0.005778028273398683,0.849083315636724,634.3250678507067
907,008CC794FD4289B8375B4EF6C576D518,0.005778043455701876,0.849083315636724,638.2455199893446
908,0018A49627EA485F8A88E7109E46CE74,0.005778091305355337,0.849083315636724,637.6282205775569
909,0033A9C4F839D38726FC4E54421433AA,0.005778548607212941,0.849083315636724,634.1723606036091
910,015D3F3850024DB31D13D246B9BD1EDD,0.005778583443283192,0.849083315636724,638.3601548313903
911,012B2019D9A505A99FDE5D82C365071B,0.005779155702330008,0.8491541020740426,637.479550340084
912,008DA752E93E126ED240D23C3E900A6A,0.005779158154418873,0.8491541020740426,638.2058893752667
913,0031A3EAB496B1AD168E3F1E4D752BF4,0.005779470751055338,0.8491541020740426,637.8468508962416
914,010EC81BB3AB4C42E8992527ECD62F66,0.005779557645445799,0.8491541020740426,637.5527676886762
915,00AE986402D3180A2CADE15F85732AF8,0.005779634841572623,0.8491541020740426,634.5746125072432
916,0168540F13BF01E7DAF1FF757B16821C,0.005779996208058469,0.8491541020740426,631.5319903540874
917,00A7F186B426A568C885EDDF3AC4F3DC,0.005780035817491425,0.8491541020740426,637.8547466185482
918,00FAD888398E8F594C3B4304D0925845,0.0057800616964013285,0.8491541020740426,637.8989464104395
919,00D054679223D3437FDBB152B9A7AE20,0.0057800889209528306,0.8491541020740426,637.881522741784
920,006C635E46B8EFD081AADDE5CCEE393C,0.005780188262587194,0.8491541020740426,635.3812177201843
921,00840A92C10A0D99DFA1CEF19D69CB02,0.0057804096819656925,0.8491541020740426,632.1452305413536
922,0136B6785CFE8076D5C43351A17E9ED9,0.005780461500332179,0.8491541020740426,637.3418218138149
923,00DDA0D88894C0AD45C550E603CAC530,0.005780914011005667,0.8492956749486799,638.2745449140672
924,005299E38FA8C2AC05687498FD272BF4,0.005781562350166802,0.8492956749486799,636.2487048041118
925,00C2F4C33D05BE5778A4B8E53FAB0D8C,0.005781635569660937,0.8492956749486799,635.9504103981353
926,00DA195B1664545D843EA672401862C4,0.005782957312822079,0.8493664613859985,638.137293814475
927,017408702105FACF0B5BBE193BEEC8C6,0.005783093796565053,0.8493664613859985,634.7358941585398
928,00A70F952AA1349CE3E3D8EB2FFD1AF9,0.005783176139315338,0.8493664613859985,638.0987578092711
929,0000C988BCA0385FAE4AA58C44F5DAAA,0.005783211670261301,0.8493664613859985,638.1283787639987
930,00E27EB5E7F74477F984B441E4E38893,0.005783367546189799,0.8494372478233171,638.3458644655999
931,00990F95C7D9B0DB040B4C5BE551C8F6,0.005783458634782912,0.8494372478233171,638.3328120661951
932,006D76047C91E159588F4D260B966E95,0.005783685509460512,0.8495080342606357,634.7313216300498
933,016749F1D9E314F2A2E260FF37F24894,0.005783854807387412,0.8495080342606357,635.0246086379299
934,00900EF1857784CC6F89CF73D11283B0,0.005783893720822886,0.8495080342606357,634.8238899732391
935,00286C79CAA6A276F911473A56CB3548,0.005783973490951944,0.8495080342606357,637.5797963390816
936,002EF2B3576BDA8C8EAFAF11160F8B25,0.005784007740846753,0.8495080342606357,638.0972589824268
937,007A8F7C02BB05233FC4679BCDA77C04,0.00578401346501467,0.8495080342606357,634.6335347248348
938,013AB7F52E01B682E55676D141ADBEF4,0.005784278396535836,0.8495788206979543,635.0678311817239
939,005618988B7940F2F15FA7BB3D748356,0.005784335160580523,0.8495788206979543,637.8269048563616
940,011ECA025F23320D29DD8D16DE91A629,0.005784870722161606,0.8497203935725914,638.0929529352045
941,0174202F156CBB4BFB63DA37E4A6923D,0.005784991155738384,0.8497203935725914,634.6887662700229
942,0076B58C6509843C780D9BFFE594A825,0.005785091115141361,0.84979118000991,635.350559628906
943,00ED6752170C5BDAEBAF3E3A25FB17A2,0.005785263391453799,0.84979118000991,638.0267347122458
944,016C1468440F9B55D2D9D045EDC7021F,0.00578537946411839,0.84979118000991,637.8878038663494
945,008DDB384EA7945118BC0D413F58BE9C,0.005785526915460637,0.84979118000991,638.1459016208825
946,008F59BAF836A46DA3FA492DF0E65A2C,0.005785676890060154,0.8498619664472287,638.1964903645694
947,001CE7CBCC4AE09F043424A11AAD427B,0.005785693259071634,0.8498619664472287,634.4990084718837
948,0020911020FD0D1F015D2BFCDD2D6447,0.005785838742365934,0.8498619664472287,635.8514825087326
949,0109F2583A6C91F16EF8E62A888AFF01,0.0057858773754265735,0.8498619664472287,633.1159298186935
950,016924F85D6709042273315105AF2908,0.005785928741234736,0.8498619664472287,637.482754894509
951,0071D05FC52C0166876F10DA09D13D7E,0.005786037315448023,0.8498619664472287,636.5061412351658
952,00803BB8F713ED3E593C45AEDB6B7944,0.005786439379715125,0.8499327528845473,637.9237438072009
953,004CA6E5893DC6DCC68DEF8A0FF380B2,0.005786445919440331,0.8499327528845473,638.0625447915259
954,0111EB5B377713F2A029F33487DFF908,0.005786776926104964,0.8500743257591845,637.9228747673052
955,008C3D894771C80F29E512C61FF5C26D,0.005786794052691113,0.8500743257591845,637.6224444036321
956,015F5B6D518AC548C8A013A6DFF0B861,0.005787208534545618,0.8501451121965031,634.8243894694411
957,013672309F43C1253C86C73408AC8ABA,0.0057874949114837815,0.8501451121965031,637.6642108898795
958,0011FCE439FD07E3B61754263B34ABB9,0.005787523970259056,0.8501451121965031,638.2306204096698
959,000CF2A5D4EDF98988DA94DC95DEB906,0.005787554989685639,0.8501451121965031,633.1365668938731
960,00045D852624D1348AAEE8941027A3F9,0.005787729709850309,0.8501451121965031,638.249714994098
961,00985DD72D633809E45D4F8DE4BE8AC5,0.005787901730018752,0.8501451121965031,638.073595645889
962,0055CAF427D051C9312AB3C11D077DCF,0.00578806152320499,0.8501451121965031,638.5317692770612
963,01492E11F03383963B3BE74502714F13,0.0057881028693744785,0.8502158986338217,637.9134772036697
964,008BCB2BA1E7DF9F9A4B8C0883A70581,0.005788552947599612,0.8502158986338217,636.0590900362005
965,00173581548758004CCA4C70CB9A3C3A,0.005788608705369902,0.8502158986338217,638.182300254301
966,0059B5EEBC45B7C2E3FC04965DD66A1C,0.005788765747634872,0.8502866850711404,634.2118047801521
967,011D78BBCF0BE07F2AFF8CE15FED617C,0.00578881316047819,0.8502866850711404,638.1564154670051
968,00FAE461AFBC0F7702AF8C901AFCA393,0.0057892663911729425,0.850357471508459,634.4272079041613
969,01145D3F22A9023E2BE6665DFF7A4849,0.005789473091807773,0.850357471508459,636.79068052332
970,00E88D6D72A86EE282E798BED7A4EAF3,0.00578965701997336,0.850357471508459,638.2999584470651
971,00C7AFD1F8C5897DA12E5408B243B139,0.005789866468709826,0.850357471508459,638.1039519141449
972,00164472D31FDCC3FC079BDE63430BF4,0.005790270058561031,0.850357471508459,636.8279409869377
973,002DAE3C51F5CAE0C090900BCDEE39E6,0.005790551836252322,0.850357471508459,633.3158713677111
974,004EFEB40C76E380B38B425904A1FD5E,0.0057906297611226565,0.850357471508459,637.6498658529051
975,006B994FC2DA0F2F170D8BDF28C17DD3,0.005790730159178414,0.8504282579457776,637.5545214789902
976,014D74D356341D497FB4DC3A98F70E4B,0.005790868617120526,0.8504282579457776,637.5066908861293
977,0036237CAEBD473A5ACFB140F66418FB,0.0057910254798956284,0.8504990443830962,638.1520384778516
978,013EE295BF90948087157EF6B3B52D0C,0.005791210626715393,0.8505698308204148,638.1977037847985
979,0017EF1A27EF1BB934AA337C7DC79DC6,0.005791501622896544,0.8505698308204148,634.0517927759129
980,000FCCF2288ADE346D4986086D6D9E88,0.005791522564248197,0.8505698308204148,634.187980609096
981,006A6B1180014AF355BED911BB22D821,0.0057917335496110445,0.8505698308204148,637.89321557701
982,013FFB8AE8E8E6539415AF2EDE2FADA5,0.005791757632451322,0.8505698308204148,632.0619746398219
983,00BEC2B2E8A48A3C9176E9FF9F08E301,0.005791801963216492,0.8505698308204148,635.4008633330774
984,00F950330D439C4F247D4CFCB9AAF56E,0.00579203585394783,0.8505698308204148,638.1175818656473
985,000022D8D733FA51200BF5F45C37AED2,0.00579260618609867,0.8505698308204148,638.4990758922389
986,014D3458473BF73B8B843C2E886561C3,0.005792664184534613,0.8505698308204148,634.4914604373168
987,0074607019B69D7C63DF74020C6650F6,0.0057928212331359585,0.8505698308204148,637.9967489687887
988,0102D14B80D5A7048281800979909709,0.00579327083915504,0.8505698308204148,638.5054786911602
989,00054A4F1BDD6634953B122BFC378246,0.005793384497623788,0.8506406172577334,635.1753402492011
990,00963B2E6FEDFA7DCA01B727435E3FE2,0.005793508206370035,0.8506406172577334,638.2845151178377
991,00A54C40C3115F429F66EBFBFDB5C976,0.005794243235872187,0.850711403695052,634.689917286181
992,0049071284EB95C30E94081E45254791,0.005794610080387952,0.8507821901323707,634.21472650378
993,016E74BA312CDAF50DC75C9F51BDC3E0,0.00579461969012629,0.8507821901323707,633.6092011510619
994,015E6203DFE48B4925DAE27BCDF3BEF0,0.005794903810889651,0.8507821901323707,638.3095389543511
995,0051C9B675436F398D3F850EBD5BDEA0,0.005795028462541096,0.8508529765696893,638.731709636913
996,00BE5E49A39EE95C4EE945F04C2AD6A8,0.005795071909935445,0.8508529765696893,637.9945941004262
997,0088CF5A1845AF421A80C9FAE0521565,0.005795083448227878,0.8508529765696893,633.8803972869943
998,014D95CF93A35246B93EA638BFE54B52,0.005795154658384205,0.8508529765696893,638.0981459317509
999,00E1ACB04D2008011597082566B267A5,0.005795243631234737,0.8508529765696893,635.8778242605047
1000,01256812F8E64F9904C7E0EF1C384085,0.005795364618489618,0.8508529765696893,635.6663257704267
