Customer_number,prob_first_time_investor,rank,model
00D1D9984A36A99AB13B93B8FFE9F76E,0.8882800936698914,1,xgb_first_time_investor
00388B62A134D0E5A93A2732D89E08E1,0.8700870275497437,2,xgb_first_time_investor
00647CD67F831BBE16C59EB1D1792D75,0.8686410188674927,3,xgb_first_time_investor
0063F0D8E57743771E87AF1D2B592352,0.8640767931938171,4,xgb_first_time_investor
0043BA6DC1DFACE42DAB2E440E09AD87,0.8590863347053528,5,xgb_first_time_investor
010D5389B92047572BDA0B2E5BF85228,0.8555198311805725,6,xgb_first_time_investor
00E5414EA747DA1CD5AD0182136C7587,0.8519720435142517,7,xgb_first_time_investor
00523C6F211FC8DC5E7418020A9F8897,0.8513853549957275,8,xgb_first_time_investor
00F5E1599211966108D1446EEB616A65,0.8506929278373718,9,xgb_first_time_investor
00429809399624BAAFC81AA617447383,0.8488290309906006,10,xgb_first_time_investor
00DCBD660250EE6785C882B5EBAE32B1,0.8471847176551819,11,xgb_first_time_investor
007969C7376934298D4D9229A305E20E,0.8453430533409119,12,xgb_first_time_investor
00FAD6902FEEE5F499630B5F0238D218,0.8400726318359375,13,xgb_first_time_investor
00EAF78E66D847FD120285F11D96E930,0.8398396372795105,14,xgb_first_time_investor
00C642F721B2F04C682F03765930CC99,0.8398069143295288,15,xgb_first_time_investor
000F824A56EF7D3E6C3983338CE5653B,0.833913266658783,16,xgb_first_time_investor
011513F95E190A351F728CD1B28BCD2F,0.8291403651237488,17,xgb_first_time_investor
0021919CB69C5334A145F973EA2F9AF7,0.8285025358200073,18,xgb_first_time_investor
000FB97915FD83D90B4811F247C7F5F9,0.826958954334259,19,xgb_first_time_investor
01306A0800379546647B67DC685C3E49,0.8217235803604126,20,xgb_first_time_investor
00707AA6E781EB9EBC532A537C52AD42,0.8192819356918335,21,xgb_first_time_investor
01063F25459853058BFE4BE4EE1EBFD2,0.8187227845191956,22,xgb_first_time_investor
01088247AD65EDCBA8A4EA4FD51B2805,0.8176391124725342,23,xgb_first_time_investor
00C4D66341526FE0A0B2467441EEE68F,0.8168795704841614,24,xgb_first_time_investor
0052A80D7B40EEAFEC76D4CA9264CA6D,0.8138719797134399,25,xgb_first_time_investor
014575D5E1E4706981934C2A0B44F2A6,0.8125711679458618,26,xgb_first_time_investor
008ACA615096B4A0E179D6AE58FA07BF,0.8036161065101624,27,xgb_first_time_investor
00E70B727BFBA9D6F14950BB9411AB10,0.8034762740135193,28,xgb_first_time_investor
002B2F591ABB4498314A0C113F395D86,0.8031141757965088,29,xgb_first_time_investor
00805DB65E221F9ECA2E128FEBFF8400,0.801882803440094,30,xgb_first_time_investor
00A46B6DE833266459F00E0313B09CB1,0.8016047477722168,31,xgb_first_time_investor
003903573E7F5DCC409A7906C849F06F,0.8013625144958496,32,xgb_first_time_investor
0174796FF731460A54C00D012F6EB0E8,0.8006415367126465,33,xgb_first_time_investor
0087528B0346B62F869729A09BD3B4EA,0.8006357550621033,34,xgb_first_time_investor
0133B53848FD17A01E7F3D7A78F737B6,0.7997056245803833,35,xgb_first_time_investor
013E187A4B51F51A9122F80C56CD49CB,0.7984437942504883,36,xgb_first_time_investor
00A7A1E2C121036490E236BA769F4C93,0.7982111573219299,37,xgb_first_time_investor
0077C3B8AD8064FF6DA791AAA32709A9,0.7978585958480835,38,xgb_first_time_investor
0140EB1D5CD7CF4D787EC197D368715A,0.7930067181587219,39,xgb_first_time_investor
00D3F12C5921065D560DE0013CCE9D60,0.7922958135604858,40,xgb_first_time_investor
015B0DA4613E8217098A823C803F7CF9,0.7917339205741882,41,xgb_first_time_investor
009A3BE2E8323409F72E1AB51B630E60,0.7896980047225952,42,xgb_first_time_investor
00C0045890004A7FB70A4CE3291EB289,0.7877664566040039,43,xgb_first_time_investor
014FF5D3B8A91E971A816E8C7FB67ACF,0.7861018776893616,44,xgb_first_time_investor
0048F2B6C389C3B9DAEE8D109116AD2B,0.7833524346351624,45,xgb_first_time_investor
0139C5F697383C7E03DBC96804594DFF,0.7811384797096252,46,xgb_first_time_investor
00441FDC00289727121BFA24DE1B3C77,0.78056800365448,47,xgb_first_time_investor
01149459D2B1AAC568CC54B309D36743,0.7787910103797913,48,xgb_first_time_investor
0170908E8C2D44BE5FE7325EC6485214,0.7755551934242249,49,xgb_first_time_investor
0143F1EE5CBFDF8F1B6ECD135DDB1427,0.7737981677055359,50,xgb_first_time_investor
0067FF8920D9526495D33E09BA528653,0.7726635932922363,51,xgb_first_time_investor
010D8D7204058C900729BFEB5273615C,0.7718998789787292,52,xgb_first_time_investor
003C2AFEF240A8B31D981016535BFC62,0.7704373598098755,53,xgb_first_time_investor
0079212A51BFB931903DCB6D08E810B0,0.770286500453949,54,xgb_first_time_investor
004C5213C4CD7D5E5DCED79620E75C4D,0.768944501876831,55,xgb_first_time_investor
003223B10A36768978A8A5C16AB2F98A,0.7673066854476929,56,xgb_first_time_investor
014A156145F2AE2F101F39D2F2ABC433,0.7656723260879517,57,xgb_first_time_investor
005CAF9287B51E4767A58705B79EAD48,0.7636567950248718,58,xgb_first_time_investor
014C943336644A469C80821A5434F6E6,0.763338029384613,59,xgb_first_time_investor
011C50955FD135A028DAEBBEFD3C161E,0.7631760835647583,60,xgb_first_time_investor
00B98C0DA3A169C4841D8E00E0AFD34A,0.7623094320297241,61,xgb_first_time_investor
00D8BA86998BA0B8C11E09625ABFF6E9,0.7563265562057495,62,xgb_first_time_investor
00A0B480E9349ED141DFCAEC480ABA85,0.7554236650466919,63,xgb_first_time_investor
00802370457C11B768200EE1DA7D168F,0.7536142468452454,64,xgb_first_time_investor
002DCB1D9D3ACAAB054DDC9B3C4C2A6A,0.7529614567756653,65,xgb_first_time_investor
0145862854285ED4BE5BB0B4748A9A48,0.7491368055343628,66,xgb_first_time_investor
00DA5C7380C8E143BEF4563585018295,0.7486951947212219,67,xgb_first_time_investor
00BF02C03353A1A810122ECF0863BCF7,0.7453592419624329,68,xgb_first_time_investor
00A4AFDA5B29EE6EF3FA431E6A72D29C,0.7441431879997253,69,xgb_first_time_investor
00C7C741532B6CBA43FE6D77115F821B,0.7428789138793945,70,xgb_first_time_investor
0114BC24C58B812C2B42823510BC47F8,0.7426018118858337,71,xgb_first_time_investor
014AE0F155F40099E0650CE264C72938,0.7411971092224121,72,xgb_first_time_investor
0010BE0D297275729BA51364C3A3FD00,0.7398428320884705,73,xgb_first_time_investor
00A7568FC543E4317093CED6C5393B31,0.739591121673584,74,xgb_first_time_investor
0131420AE7BD2DB7B8B90BC7651707E5,0.7385375499725342,75,xgb_first_time_investor
002BC8A1222614F0FD829135F0393767,0.7376484870910645,76,xgb_first_time_investor
00940CE1AD079A73C4099650F94B60DF,0.7373971343040466,77,xgb_first_time_investor
005E5FE9BEFB2C4A8493A105171970CA,0.7367691397666931,78,xgb_first_time_investor
015C628956EF354519CE2E2E59F32D17,0.7359750270843506,79,xgb_first_time_investor
00C40DAD86D2F7F85C7A8B235497166A,0.734566330909729,80,xgb_first_time_investor
00F269C73153EFFD085CA8873BAADD61,0.7315131425857544,81,xgb_first_time_investor
00ABEF71705D0CC4402F9B22D95BC90B,0.7314450144767761,82,xgb_first_time_investor
0040CCE149B9A825C4FFAE529BC9A8F9,0.7303056716918945,83,xgb_first_time_investor
006EEBD724FAD89D0FB5D2EE0D1545EA,0.7294849753379822,84,xgb_first_time_investor
0010DF170BA23F7C83709BF445B0FB9C,0.729249119758606,85,xgb_first_time_investor
00C33935F69183456280AD8F72AEDC2B,0.7288926839828491,86,xgb_first_time_investor
01141D87C6777EC5272BC4D516F73D74,0.7286026477813721,87,xgb_first_time_investor
016B601C115A602524780F8E304E67B3,0.7262636423110962,88,xgb_first_time_investor
00EF2921A983172621CEABF6A68B9BD7,0.7251747250556946,89,xgb_first_time_investor
0126F211FACF8BE219BEC504ED158248,0.7246814370155334,90,xgb_first_time_investor
0026FEEED97B5A78B5A07B526687737F,0.7242051362991333,91,xgb_first_time_investor
01742D36EB320A3096619FCFF3822845,0.7234266996383667,92,xgb_first_time_investor
008DA87101FE2D204FAC588B0AD895E8,0.7229475378990173,93,xgb_first_time_investor
00E57B3AD06AC8C48F63B7092C46EF4C,0.721234917640686,94,xgb_first_time_investor
0079464C46451BE59AD0BB16E7F3D714,0.7209200859069824,95,xgb_first_time_investor
0038FCF7B293BF4C13B40C923EA7FAA4,0.7203133702278137,96,xgb_first_time_investor
0067D1562EF2BBBFE2C3796B9BD99837,0.7193796634674072,97,xgb_first_time_investor
0162C0137B4F0EF073D3ACC3203E773E,0.7193275094032288,98,xgb_first_time_investor
013AE42FBE56EB6830788086C474798E,0.7175078988075256,99,xgb_first_time_investor
00462F6FAC13995E474DAE04B02E251C,0.7165540456771851,100,xgb_first_time_investor
013CEEC0DB59787F53EAA98FB0A932F0,0.7165032029151917,101,xgb_first_time_investor
00BC24E4A1C3568097C63CF9A67636F6,0.7159333825111389,102,xgb_first_time_investor
00B258AD5E7D2B41B624B50C3CE6D16A,0.7151826024055481,103,xgb_first_time_investor
0146E49106C747883950AB9D7CA927D6,0.7150322198867798,104,xgb_first_time_investor
0041D8DCA0ACB3E6F19EB8154CF9A740,0.7147424221038818,105,xgb_first_time_investor
0003AD19D8B9969D125B70D045E9BB2D,0.7142423391342163,106,xgb_first_time_investor
00B9982032BB294EF3E2D02F059326CE,0.7140627503395081,107,xgb_first_time_investor
0059B5EEBC45B7C2E3FC04965DD66A1C,0.7132044434547424,108,xgb_first_time_investor
00864E3F40FDE7F26729FDBE9ACA78B0,0.7130877375602722,109,xgb_first_time_investor
008E61ACB6942EF9A39654F51F167104,0.711826503276825,110,xgb_first_time_investor
016FC8FDA73921FA878AEA478899E3DD,0.7112262845039368,111,xgb_first_time_investor
0170756226A31E5CB113BF1F9BB8703A,0.7108508944511414,112,xgb_first_time_investor
01195AC24AD5B34F1FD8D68E436DC19D,0.7104273438453674,113,xgb_first_time_investor
00362BE5F626B32698706319403BA71A,0.7100393772125244,114,xgb_first_time_investor
00F8ACB45675665CC040479E1F65C616,0.7068689465522766,115,xgb_first_time_investor
005EEBB75CF9D8947AC669011C27389A,0.7068546414375305,116,xgb_first_time_investor
002E4B4E89EBDCA019CF7A280691AE80,0.7061640024185181,117,xgb_first_time_investor
009E23A41380EC2D60CD50A09C946ADD,0.7060244679450989,118,xgb_first_time_investor
007FC8E58D6489DC42B602F57A18768E,0.7051524519920349,119,xgb_first_time_investor
00467263E2AD297293AAF6A80C2230EB,0.7046281695365906,120,xgb_first_time_investor
007AE88D0DD8FAF24AA65C7D6222F336,0.7037196755409241,121,xgb_first_time_investor
009E3ECB054BEA35A15E71E02FDE021C,0.7036400437355042,122,xgb_first_time_investor
0135981B021726BA31181C11FF87BBC3,0.7030782103538513,123,xgb_first_time_investor
014DBF3C858AE0BEFCEDFB673BF6E9FE,0.7029550075531006,124,xgb_first_time_investor
00CEC2079FAD9D2171FA2329DB13AD37,0.7012342810630798,125,xgb_first_time_investor
00E597F5927494C0F69012D3E4DADC44,0.7006718516349792,126,xgb_first_time_investor
00BBE0C4E23854439E089FF575548227,0.6991164088249207,127,xgb_first_time_investor
0082657E1AF834A0FA1D244E835EE421,0.6984923481941223,128,xgb_first_time_investor
016CD80AB4ADAEDB0CE5D3FC5BA49BFD,0.6980953216552734,129,xgb_first_time_investor
00341EA82293E232DE6A4AA6F9EE1275,0.6980472207069397,130,xgb_first_time_investor
0171F48F22AC322630D0F3E2CBAAA99B,0.6979840397834778,131,xgb_first_time_investor
01551FADFA046FC177DBA7C6A6716B3A,0.697805643081665,132,xgb_first_time_investor
0150BAE8080E6F18D6876BE5DE609166,0.6977298855781555,133,xgb_first_time_investor
0030966C0BB00052D5FC3F49B00A7170,0.697218120098114,134,xgb_first_time_investor
00CBF19BD262B00DCA3C4C22EC31A998,0.6968470215797424,135,xgb_first_time_investor
00F70D769B71D78D01DC0CB0DF0FC41E,0.6962623596191406,136,xgb_first_time_investor
0092BC7616FEF160E591F519039712A5,0.6962389349937439,137,xgb_first_time_investor
00BEF4933B6019E825728BF90621DE0B,0.695060670375824,138,xgb_first_time_investor
016BA623446F7F485649F619218C1217,0.6947156190872192,139,xgb_first_time_investor
009E3E7AC71318B59784FC50F20962D5,0.6930559277534485,140,xgb_first_time_investor
00A3628FC55990D66E62B30A6E35F1DF,0.6929769515991211,141,xgb_first_time_investor
00B1D43E1F97A6BEDC8647CAF277D494,0.6929402947425842,142,xgb_first_time_investor
013BDA9AE57B809BA0F2C3174EB15754,0.6922389268875122,143,xgb_first_time_investor
0150227B29065979AD03F8E3DDEB9FCA,0.6922037601470947,144,xgb_first_time_investor
00BA0A268D54B789AE739E0D5AFC7D4E,0.6920780539512634,145,xgb_first_time_investor
00219C5D3C6BEF7794B1FCB0031A2043,0.691878616809845,146,xgb_first_time_investor
0111FE07A0F94BA4ACCC398CA5BEF29B,0.6908854246139526,147,xgb_first_time_investor
0118E4A598E3ACB9B3D60AF1BFDFC478,0.6903847455978394,148,xgb_first_time_investor
0109ACEB521C4641B883ACAE42603EC0,0.6887983679771423,149,xgb_first_time_investor
013D8A4E8243426F11D1E34819F98929,0.688077986240387,150,xgb_first_time_investor
01268DB671B75628D05BAF6AAE07F5CB,0.6877239942550659,151,xgb_first_time_investor
0046FD4918ED81518B60187B547883CA,0.6854907274246216,152,xgb_first_time_investor
003D7E48A934B965C3DC478EC98DB399,0.684424638748169,153,xgb_first_time_investor
01464E95E84954399BAD30A0759A9284,0.6831985712051392,154,xgb_first_time_investor
00DCA8EF14BDCF4ED153510C40709918,0.6828847527503967,155,xgb_first_time_investor
012D422C7B01319E471934AAA3359563,0.6818491220474243,156,xgb_first_time_investor
002581A8E63766E5D8F108E8126B0495,0.6816918253898621,157,xgb_first_time_investor
00BDB1D5AE54B0DA4078703CEF24C5FF,0.6809501647949219,158,xgb_first_time_investor
002EE7455E18F41EA83E4F9163DFE534,0.6808103322982788,159,xgb_first_time_investor
002F3DBF2940CD916BD38B30A0FFEE4A,0.6788589954376221,160,xgb_first_time_investor
00F75A4E66B7E1DCB6D529FE528D8F12,0.6788379549980164,161,xgb_first_time_investor
00390A336E126BC2CAB4799D3FCD1230,0.6787349581718445,162,xgb_first_time_investor
007B1D8C425F5A519FDC6FA437571DFC,0.6780322194099426,163,xgb_first_time_investor
0067527E0D16D22A62E9E4503F37E3F0,0.6774543523788452,164,xgb_first_time_investor
013E5170DCE243594C866B3B4E9F535C,0.6765230894088745,165,xgb_first_time_investor
002A80CD1E8D75F1737640A88C000CE4,0.6747894883155823,166,xgb_first_time_investor
010C22D343B912D1FBC40440008C1CE0,0.6746397614479065,167,xgb_first_time_investor
004D5A6B3B51F0829E140ADD226C27B0,0.6746315360069275,168,xgb_first_time_investor
0097A431654E1751DA4E47AE5BF24D0F,0.6739956736564636,169,xgb_first_time_investor
009ED7B238E62A35318A91A4EDB6B045,0.6731755137443542,170,xgb_first_time_investor
01510332A2F02920327AD8545D178D87,0.6728867292404175,171,xgb_first_time_investor
00218D667D92C9CAEADAA4967D836A9B,0.6727404594421387,172,xgb_first_time_investor
010ACA741BC506DB0F5404944CF6C5FC,0.6727108955383301,173,xgb_first_time_investor
00A33DBBA3BA2039EC976D5AAD89681F,0.6713768243789673,174,xgb_first_time_investor
0038C52322120F6DF4EBC3B5D3FBB561,0.6713685989379883,175,xgb_first_time_investor
0170502F0A99F527202169B5AEBCD394,0.6703758835792542,176,xgb_first_time_investor
01243891EA4AA0CEAD0B2E3575CE4336,0.6699775457382202,177,xgb_first_time_investor
0156C35DAE47778BF7D3D94AB402AC92,0.6684455275535583,178,xgb_first_time_investor
0149CE27945D1B1ABCCACC62A9D181E2,0.6681316494941711,179,xgb_first_time_investor
0058054B09600751B37D899368127669,0.6661418080329895,180,xgb_first_time_investor
01373D36A31D54108D8063FFF7499AB7,0.6645993590354919,181,xgb_first_time_investor
016398BD0A662320BE7834E47C99A618,0.6644812226295471,182,xgb_first_time_investor
0089F2F7576E0FF84516B19B612D1EC4,0.6629672050476074,183,xgb_first_time_investor
007CF502C2B518E000E6A8401EA0BF0F,0.6618271470069885,184,xgb_first_time_investor
0110F1DBC4FF044F9A38C89CF93D1D37,0.6612725257873535,185,xgb_first_time_investor
0154E974B14EAE7D0886999A7450FC11,0.6612324714660645,186,xgb_first_time_investor
00B14AB8ADBA012650C3966D0A08BF8E,0.6611984968185425,187,xgb_first_time_investor
006F676A775BC2D2496AF91E857C88CD,0.6599154472351074,188,xgb_first_time_investor
0144352EE94CC1EEC95588A0209A8C0F,0.6596327424049377,189,xgb_first_time_investor
0135E37E552059FA4EBB98F39F328EA5,0.6593897938728333,190,xgb_first_time_investor
00926819167FB15556BD3552E72C5830,0.6576059460639954,191,xgb_first_time_investor
010B84742543B0A14038818664E334D4,0.656120240688324,192,xgb_first_time_investor
00BB65A990671E19BEC04BCB0CDBC9D1,0.6557296514511108,193,xgb_first_time_investor
0088CF5A1845AF421A80C9FAE0521565,0.655665934085846,194,xgb_first_time_investor
00F779432C1D8521D1F0170487FCCB42,0.6551942825317383,195,xgb_first_time_investor
012C9FC7ABBA8EDE4B7DBBFA7588AA2B,0.6551235914230347,196,xgb_first_time_investor
006B19BA823FF6879010BD9F17DDCC51,0.65510493516922,197,xgb_first_time_investor
0031AA7FADFBF47ECECCAA4E76B1197A,0.6546982526779175,198,xgb_first_time_investor
01040063BC28963A58D7D99FE7019F95,0.6533882021903992,199,xgb_first_time_investor
010088D557735F3243B2A13D3A394B79,0.6527994871139526,200,xgb_first_time_investor
00DC3477ACABEC1CEEEEEC24F83C7C5A,0.6525452136993408,201,xgb_first_time_investor
000832D9539FA3CC239073D7D33EF6A4,0.6523969173431396,202,xgb_first_time_investor
00FD838F48D2AF866508B5F2B20D96AD,0.6521754264831543,203,xgb_first_time_investor
00F801459D1BD5DC1132074D54FE9234,0.6514806151390076,204,xgb_first_time_investor
00F1BB9C1D15D875589A2E59463995E0,0.6514157652854919,205,xgb_first_time_investor
00B8FFA9DDDF6D81BA51E6D8607579A9,0.6511542201042175,206,xgb_first_time_investor
00DFB6996F76323E590A8B753C1A2C01,0.6503559350967407,207,xgb_first_time_investor
015C2982102DE9273E310F174A01E1B1,0.6500855684280396,208,xgb_first_time_investor
015246D620C6CABDB2BD9E00EAD00B8A,0.6494836807250977,209,xgb_first_time_investor
00C1DE9B8BE0895C45AFA605000A3937,0.6491454243659973,210,xgb_first_time_investor
0082BCB49CAD2D39CCB48815C2F5BEB5,0.6490705013275146,211,xgb_first_time_investor
00E2CE75B2FA6D31C3C6D491408260C5,0.6489709615707397,212,xgb_first_time_investor
002DCAD2B5E3C2467981F12EFBB73CDB,0.6486341953277588,213,xgb_first_time_investor
00E683C6674C1F84C7BFE553FC178BFA,0.6484384536743164,214,xgb_first_time_investor
016A4BC4460C4D018EE04C996AD1297A,0.6478915214538574,215,xgb_first_time_investor
00A0687AD137B61E62D068506BB3419D,0.6476804614067078,216,xgb_first_time_investor
00A90DD8FC3EC59E363961CD58249AFA,0.6470214128494263,217,xgb_first_time_investor
0115E02155D18E903D3527DEFF35DB80,0.644076406955719,218,xgb_first_time_investor
00F6E7036C722378B006C063C9C0559E,0.6437506675720215,219,xgb_first_time_investor
006942915B8476EED9E04FBE31709409,0.643316388130188,220,xgb_first_time_investor
01380DEAFAB9C9334655825CD25B4F5F,0.6428768634796143,221,xgb_first_time_investor
010A8C2E246E13D007695CA90FC8EE17,0.642655611038208,222,xgb_first_time_investor
0093A2B71911CAE5F0A57426214E2694,0.6425241827964783,223,xgb_first_time_investor
004AE6311934A17184CD2B1014E53528,0.6422102451324463,224,xgb_first_time_investor
00B8C36BF967BA92667BA6E1BDFD2BD3,0.6419417262077332,225,xgb_first_time_investor
0173D346177E6D035CAC1FB8E5C79BF7,0.6416798830032349,226,xgb_first_time_investor
00784E40A5A344DBD89646048711E33F,0.6412364840507507,227,xgb_first_time_investor
00768BDF05D413E7F5292E0746BD90AA,0.6406426429748535,228,xgb_first_time_investor
001D8F0A83543215D5A170164CFCB0C4,0.6397073864936829,229,xgb_first_time_investor
012B2AE2D92A32186F9E8014A91E7CCC,0.639160692691803,230,xgb_first_time_investor
0089BBA0D720A2328D397B89534A30ED,0.6388387680053711,231,xgb_first_time_investor
01149F84E858F8D04B858283F8951686,0.6383888125419617,232,xgb_first_time_investor
00005E4B6E54ABBE11B025B5FD6E09E3,0.6373751759529114,233,xgb_first_time_investor
004604862260649D18FD2B844132CDF0,0.6358138918876648,234,xgb_first_time_investor
00D41E8AADA1B4256912013498328694,0.6354123950004578,235,xgb_first_time_investor
003AA8E3EA99B56E2DF2E6938ED4B837,0.6345863938331604,236,xgb_first_time_investor
0013485AC61F23917DDA80567D4AB17E,0.6343724131584167,237,xgb_first_time_investor
013B9F728C9D240787704A871FFE90F2,0.6337499618530273,238,xgb_first_time_investor
0169737433CEE6A5768DCEEF85AB5A15,0.6337087154388428,239,xgb_first_time_investor
005B5468107E41C8CBDBD698D3C4E13F,0.6328156590461731,240,xgb_first_time_investor
005A4935BF80E15D4AA589CB562DDB9E,0.6327395439147949,241,xgb_first_time_investor
0026CF93C52FD668A91CD004207DC2C1,0.6324809193611145,242,xgb_first_time_investor
0127DDE0FBFCAE0D9C8020DFA39BADDB,0.631771445274353,243,xgb_first_time_investor
000C741F203E0E7B60B5802EBE94B157,0.630942702293396,244,xgb_first_time_investor
014D4EFF75803D7F4AE32C58B5E79C39,0.6297087073326111,245,xgb_first_time_investor
001483D7062A0F36D07AE5ACBCA2C68D,0.6295902132987976,246,xgb_first_time_investor
004F98BC00B91DC37DE57FD58591751D,0.6289833188056946,247,xgb_first_time_investor
00C6BAA6C23E5B0F10ABE1407A572434,0.6284162402153015,248,xgb_first_time_investor
01259B6D9A30B4DBF529B531C360CBCE,0.627008318901062,249,xgb_first_time_investor
0169C1EBE1651769732CD9435D1EE2BE,0.6267150044441223,250,xgb_first_time_investor
003791F2BE950EE82FA8912227045751,0.6262977123260498,251,xgb_first_time_investor
0077D4F21A40736FB9DE9459C883672B,0.6251717209815979,252,xgb_first_time_investor
015658E2B593B459985CEC822DA94208,0.6235226392745972,253,xgb_first_time_investor
006D76047C91E159588F4D260B966E95,0.6231011152267456,254,xgb_first_time_investor
00B738E0239CAB984FA74D904FE06377,0.6216415762901306,255,xgb_first_time_investor
0080A8411EF2EAA1A3977E95AC8C1E5A,0.6210518479347229,256,xgb_first_time_investor
017331CC41D22E49024C438EED61D63F,0.6208622455596924,257,xgb_first_time_investor
009107F4B9039284E3141AD24F44C520,0.6193034052848816,258,xgb_first_time_investor
0111EB18C23B7E29DCAE228E74D402C9,0.6192713975906372,259,xgb_first_time_investor
010449D8FDB0230C32F690C17C2AC943,0.6189923882484436,260,xgb_first_time_investor
0076EA261AB2C57249A9E6C1FCB9CE28,0.6189441084861755,261,xgb_first_time_investor
001FBF313E0BA2CFBFC1F0E56836C11D,0.6185422539710999,262,xgb_first_time_investor
00647DA9C4D981A34DFA4C646FCDD73B,0.6181658506393433,263,xgb_first_time_investor
003B8058498EFF4178F61CDE27F2D167,0.6178209781646729,264,xgb_first_time_investor
010679F347DA82C884733617E3B257C7,0.6176732778549194,265,xgb_first_time_investor
00BFAA1077106E1040FBA2E1C2BFBCB7,0.6175944805145264,266,xgb_first_time_investor
00BA9A7B555BBF1FE5235E09864DB0FA,0.6171948313713074,267,xgb_first_time_investor
006B091D5C71A6645FE5BFA61F86425C,0.616901159286499,268,xgb_first_time_investor
00AB9FF2837C5E4FEB0E8F16C2B38956,0.6168331503868103,269,xgb_first_time_investor
008E9599BFD0B1FA7845F3E1E4344E30,0.6167933344841003,270,xgb_first_time_investor
0169086D6D71D0AAE55121ECCFFCD381,0.6164771914482117,271,xgb_first_time_investor
00B4E1EAB7598B617CC2A2E3A25CE925,0.6164025664329529,272,xgb_first_time_investor
008FF8552D65F94942EC5665730F25EA,0.6163643002510071,273,xgb_first_time_investor
01072974E37246971ECCC888EF393661,0.6147551536560059,274,xgb_first_time_investor
00D15FA2F85766770DED33971C08FA84,0.6145327687263489,275,xgb_first_time_investor
0131F71BB1CC290BD5AB60B94F05CB52,0.6145302057266235,276,xgb_first_time_investor
00365EC1D26AFBEA2C8A21D9A8879E4C,0.6144813299179077,277,xgb_first_time_investor
00457FA03C4E724A1155F68E97FD7B5A,0.6143825650215149,278,xgb_first_time_investor
0109CE041D2EB1EA94837F2D8D1505CF,0.61435467004776,279,xgb_first_time_investor
00878A6CF3CC4835C875F5D2A2DDBA19,0.6139810085296631,280,xgb_first_time_investor
016BC59ACAAC8E02E12F21D0F91D41CD,0.6132416725158691,281,xgb_first_time_investor
0071D5F8FD6B6C179A08D4F9D600603F,0.6126179099082947,282,xgb_first_time_investor
01414B354E70F4F5DF2F1F82279F51C1,0.6118554472923279,283,xgb_first_time_investor
00827F4CD4C333F5E452AC90E6C0087D,0.6115803718566895,284,xgb_first_time_investor
00E62FF7BA12DEB69263B53043432B91,0.6115480065345764,285,xgb_first_time_investor
006DDE993B50570C5C54E1392BF85C5A,0.6114330887794495,286,xgb_first_time_investor
001D029E1C5F269DA20427DEF9B220CF,0.611033022403717,287,xgb_first_time_investor
001E50D3DF8CA4DB747701DFD5AB7C91,0.6110126972198486,288,xgb_first_time_investor
0068007DB075F03801A1B6DDBC05E28A,0.6108532547950745,289,xgb_first_time_investor
00DEA2EC5C4C820A35095730E17B8E0A,0.6107705235481262,290,xgb_first_time_investor
00F16990DD2928B2C88189A5AA9F781E,0.6100476384162903,291,xgb_first_time_investor
00B1C438CB0BC2C1C6EE0C49EFE48CFF,0.6099631786346436,292,xgb_first_time_investor
01350734AA92F26C51DD7E635BF018AA,0.6095244884490967,293,xgb_first_time_investor
000AB1303A1B3029B7C49C52E5BBFE35,0.6094809174537659,294,xgb_first_time_investor
00730096EB2BD5211B609FEC2E54DF81,0.6094460487365723,295,xgb_first_time_investor
0090405C83C3EC9C170F4DEC32CF89A9,0.6087139844894409,296,xgb_first_time_investor
002DAE3C51F5CAE0C090900BCDEE39E6,0.608701229095459,297,xgb_first_time_investor
0092503A5289B8DCD6A2F927713AA031,0.6081411838531494,298,xgb_first_time_investor
00F1EDE67C59F7BBF49C8BD79FB31A43,0.6065287590026855,299,xgb_first_time_investor
016C96D9E10CE32DE0DF628E35F3837E,0.6061162948608398,300,xgb_first_time_investor
00858270E5F61B828ABD3CBA83E4CFB4,0.6060395240783691,301,xgb_first_time_investor
000CA7C0E55ADA18B95B92DA1A28C85B,0.6059873700141907,302,xgb_first_time_investor
00AAEA73D9335CAC82F0870F87CC594F,0.6049002408981323,303,xgb_first_time_investor
001D32C278055E513E54C56430D49945,0.6043956875801086,304,xgb_first_time_investor
00C807F08161388C7CDE20002BC6E2A8,0.6038868427276611,305,xgb_first_time_investor
010710C7A6D699C9F76EB0A739E608C8,0.603184163570404,306,xgb_first_time_investor
00788550424128C7B5AD90BDD92197ED,0.6027433276176453,307,xgb_first_time_investor
00A15A77CC0800DFE8E72A1A3B36A3EA,0.6025990843772888,308,xgb_first_time_investor
00EC94F43DC07C827F44915F0257F3A4,0.602344810962677,309,xgb_first_time_investor
003A3839711C43385F86F312328EF66E,0.6018505692481995,310,xgb_first_time_investor
004D460C20AAA1BABB5F85215BF0A3AF,0.6018505692481995,311,xgb_first_time_investor
00155BA0873B59863829D974CA1CBE3B,0.6008635759353638,312,xgb_first_time_investor
004A607433D295576C3F9200FC8C1927,0.600816547870636,313,xgb_first_time_investor
00357EDDA67E1962EFF0A5FF4AAACF86,0.6007886528968811,314,xgb_first_time_investor
013F5515838BC2E86FC89FF67DB7F6E1,0.5992605686187744,315,xgb_first_time_investor
00EE8F28CA92176FB33F3D87ED5708AE,0.5991520285606384,316,xgb_first_time_investor
007024AE8C936918684DC10ACD84DC76,0.5991349220275879,317,xgb_first_time_investor
00179A93BB357B06145714F517878AD7,0.5985991954803467,318,xgb_first_time_investor
00FF0549EA74E2AFC4996D9CD298A91C,0.5982522368431091,319,xgb_first_time_investor
00173AB4D993AF9BD8AB11CDA2999AA3,0.5978630781173706,320,xgb_first_time_investor
00AFD040CC056F6C215AFC49B4A9C618,0.597342848777771,321,xgb_first_time_investor
014FB9E700460A0C717D377D7B1BCAF0,0.597286581993103,322,xgb_first_time_investor
014E86570A0BB670729DF5C4350CC605,0.5972782373428345,323,xgb_first_time_investor
0079283FA9C5BCF150BF4E3E53EACE05,0.597067654132843,324,xgb_first_time_investor
0056E2C4B3771A967DFAFC11570BCFB4,0.5970574617385864,325,xgb_first_time_investor
00A84F1CA256BB36F96DFD5A5A7E8E80,0.5962921977043152,326,xgb_first_time_investor
00AF8008EC2F71084658D0BFF096090B,0.5962596535682678,327,xgb_first_time_investor
00936D65B79F6ED0826CCA3BB269BF0E,0.5962091088294983,328,xgb_first_time_investor
008413167A5C6FCA189FBD274FB659E0,0.5961350798606873,329,xgb_first_time_investor
00890BD48DEEA58FB034A21CF23C32CC,0.5960392355918884,330,xgb_first_time_investor
005FF16B79CEF81403436B022F134E99,0.5954765677452087,331,xgb_first_time_investor
005E932056F856DEDCFFBFF79C750DB5,0.5949960947036743,332,xgb_first_time_investor
0090E7B6F72F374BCC9E0A7884A444EA,0.5947662591934204,333,xgb_first_time_investor
00DF8B31C94BBACBA88E7EB411AC6489,0.594645082950592,334,xgb_first_time_investor
0160F7183267BC09C2B35696A247866F,0.5921180248260498,335,xgb_first_time_investor
016D4C3086DCC251413AC9A734929A18,0.5905349254608154,336,xgb_first_time_investor
00F227488C275D6F02C967AA36B8BEC9,0.5900683999061584,337,xgb_first_time_investor
0162DDA637210BF0B82CC893F607A827,0.5897199511528015,338,xgb_first_time_investor
011C938DA5683AA32C809BCBDFA8899D,0.589657187461853,339,xgb_first_time_investor
0169B720F8A1829D8EC036E897934655,0.5894507765769958,340,xgb_first_time_investor
00DB7467050776632A3BC0C685BC8617,0.5892544984817505,341,xgb_first_time_investor
00544C56DA7AB7FB3F7C585D52D62168,0.5887143611907959,342,xgb_first_time_investor
00501503B8150970919040A8840E7778,0.5882474780082703,343,xgb_first_time_investor
00BED6D00F6B4A941F14954458933A02,0.5881614685058594,344,xgb_first_time_investor
0113C58D5C2E2DF632DAE41BF99ECFC0,0.5876845121383667,345,xgb_first_time_investor
00FEF00CAA42933E8D7FCD3B4E31154E,0.5874150991439819,346,xgb_first_time_investor
00EE3D34194F2647BDD64147CA9C68C1,0.5867620706558228,347,xgb_first_time_investor
00003EF12B953418EEF66465AC2322FD,0.5865650177001953,348,xgb_first_time_investor
00E51199A59A7201FD0D51D9C3CFD1FC,0.5863529443740845,349,xgb_first_time_investor
00C00DBEE854DE4B7FFC6BD19398F680,0.5860154628753662,350,xgb_first_time_investor
00A8B825A9E1895061C9D7EB024B4B65,0.5853428244590759,351,xgb_first_time_investor
005946DD60AED4F3CA1CAA06673790B0,0.5853046774864197,352,xgb_first_time_investor
0165595D528ABDF0BF7EF38D9F0DF4AA,0.5851415395736694,353,xgb_first_time_investor
009594F733E44FC6C5251B3BBD715746,0.5846748352050781,354,xgb_first_time_investor
00D1E330251D509375922D2DB0C946D7,0.5843589901924133,355,xgb_first_time_investor
00357E518CEF9E49731234F59DE61F69,0.5843123197555542,356,xgb_first_time_investor
002462DCFCDB980587DA35D0F1DF63D5,0.584296464920044,357,xgb_first_time_investor
00C516DCD1BA5348CF94C40A6EA19D12,0.5841870903968811,358,xgb_first_time_investor
007B900C5F0862466B5A0ACBBB13EFB8,0.5835486650466919,359,xgb_first_time_investor
00764030B0F3948E1682516AB6CEACB4,0.5835415124893188,360,xgb_first_time_investor
0129F73FD09C02AAA675A54A0C26AA66,0.5833631157875061,361,xgb_first_time_investor
00A2535801EDE6E5125DF15F4D054DC6,0.5831085443496704,362,xgb_first_time_investor
01076E415C2D72ED6E1CD36B07E31F88,0.5829563140869141,363,xgb_first_time_investor
01680E2DE71C0D285A7152310066B056,0.5827401280403137,364,xgb_first_time_investor
016CD18DB27F7D1DD2D04BF32748D5F0,0.5826072692871094,365,xgb_first_time_investor
006747D6822C5C342A60D1067E551B91,0.5824344158172607,366,xgb_first_time_investor
01748766A733B0B85FD99FD198D249BF,0.5824259519577026,367,xgb_first_time_investor
00D164101ABB978EAC5224EFF5B365A7,0.5818215608596802,368,xgb_first_time_investor
00D73E451C8B44A581723E49865DE2C8,0.5808829665184021,369,xgb_first_time_investor
015F26030E3163238D000068FEAA59A6,0.580763041973114,370,xgb_first_time_investor
0020C54B9BB0D3752B15B7E4134EA4D1,0.5801173448562622,371,xgb_first_time_investor
00225ECEAFACAB7FE50803A42645C1BF,0.5794185400009155,372,xgb_first_time_investor
0093430E827542F734A82E18DB274ADF,0.5793137550354004,373,xgb_first_time_investor
01011AB0BB05B2B099ABBEC20BABBC6F,0.5791454315185547,374,xgb_first_time_investor
012B581297DF51EB050E957250F1DA7E,0.579016387462616,375,xgb_first_time_investor
00E5D65EE198EE3E2EA34F552A736878,0.5789047479629517,376,xgb_first_time_investor
00699E4119C99C8A6122F921A83C172E,0.5785371661186218,377,xgb_first_time_investor
0144801C642C71839117B257CFD229CE,0.5784273743629456,378,xgb_first_time_investor
01370D095B0E5EF4A12EECF5D4640E79,0.5776700973510742,379,xgb_first_time_investor
003520D7120068169D3AEE8DD9823467,0.5768259763717651,380,xgb_first_time_investor
0171E3C9EAF934DB54FBA8CB93BA46E3,0.5767310857772827,381,xgb_first_time_investor
0027AD8131520D90CFBE7EEA6079BFE3,0.5761664509773254,382,xgb_first_time_investor
0131722043CDA75078E8FFCD87D8C2B3,0.5760900974273682,383,xgb_first_time_investor
011BC20B0254D29FE72DB7B68BEC5D66,0.5760073661804199,384,xgb_first_time_investor
009E7AA0F095F9DBE8FE0C9CF3B46BAC,0.5752801895141602,385,xgb_first_time_investor
00D668173AB8616F76F6D243514344C8,0.5747758150100708,386,xgb_first_time_investor
01030A06231B0A3A3B918D986262A71D,0.5745196342468262,387,xgb_first_time_investor
0020360CB831EA7EF0C59852BC2FED92,0.5742819905281067,388,xgb_first_time_investor
01487F991F74066E81A5D3D9C1E8EF43,0.5741620659828186,389,xgb_first_time_investor
0163F48A440A46F23F2E9088F15182FD,0.5731556415557861,390,xgb_first_time_investor
00B59A703B026193B09444E40294E953,0.572925329208374,391,xgb_first_time_investor
0093A6CEFBC33049D121BEA7F696B86C,0.5726821422576904,392,xgb_first_time_investor
01268D18747EBA9CD8B780EBDF7ED277,0.5726783275604248,393,xgb_first_time_investor
006622149604D14BFBAB8DA368753B24,0.5726143717765808,394,xgb_first_time_investor
0148D5E9C6C5FF01663E328A0D21D8E0,0.5720768570899963,395,xgb_first_time_investor
01345FDEFDFE5879A9987F9F2B70328C,0.5719571113586426,396,xgb_first_time_investor
01522900FFA66265EECDA8EE489883FD,0.5718702673912048,397,xgb_first_time_investor
0111CA5EFB1ECED5987E86A7C3E610CE,0.5714768171310425,398,xgb_first_time_investor
00D5557A4CC71EEA91112B0D685FCE95,0.5713139772415161,399,xgb_first_time_investor
005DE27DF83DFFCA801F54A626CDF14E,0.5697919130325317,400,xgb_first_time_investor
00116D6616E9EA25360AF2E2446C2273,0.569645345211029,401,xgb_first_time_investor
0061ACD466E5FC9CC09DD38415E4660A,0.5690181255340576,402,xgb_first_time_investor
0106A47E726378B7603F3148A7A60175,0.5689643025398254,403,xgb_first_time_investor
0168D47A0F2B3B3E1FE609077C3085C5,0.5686207413673401,404,xgb_first_time_investor
004E87916E86B688DDB520A3C949EEE2,0.5685847401618958,405,xgb_first_time_investor
004DC37F505392D6D5981B92D67DCA2E,0.568528950214386,406,xgb_first_time_investor
00B722DF28310D174E0389BEC3CA7AD6,0.5684590935707092,407,xgb_first_time_investor
0109B555E03C74A96B5B8B0DCCA9BFF0,0.5682430863380432,408,xgb_first_time_investor
0111FE9DF8829C53FF7E0A2A534473A2,0.5681604146957397,409,xgb_first_time_investor
008671ACECBB1C93E2BA912A3C207C33,0.5680457949638367,410,xgb_first_time_investor
006750FE8D7B824201BAC025003135A0,0.5678368806838989,411,xgb_first_time_investor
00D030456CB7F7982166D9B83A9A13F6,0.5667355060577393,412,xgb_first_time_investor
0019714FFAD43F25858296948DD7D6E6,0.5664371848106384,413,xgb_first_time_investor
0113C2099CE6C3CCAD9003AC6FF38832,0.5664238333702087,414,xgb_first_time_investor
007F2494ECDD03503B6EB743E2FC7686,0.5660395622253418,415,xgb_first_time_investor
010195EB1FD1800F53811AF2FF28D896,0.5653565526008606,416,xgb_first_time_investor
01432E36CF8841751EA8F8E7CDC86FC0,0.5648401975631714,417,xgb_first_time_investor
00EC3532D8CABC192072DA3890F50F8B,0.5644026398658752,418,xgb_first_time_investor
00DA1F879463C2421B4ECB0D0C4C8466,0.5640902519226074,419,xgb_first_time_investor
015DF813C9AE1E744465B911CF060D14,0.5630335807800293,420,xgb_first_time_investor
01531380464115CCA23700A877784600,0.5624446272850037,421,xgb_first_time_investor
012B8D04097BD4130851BFB1DF259489,0.5624001026153564,422,xgb_first_time_investor
00FA80C915DD7CFCD332272AA71526B2,0.5613839030265808,423,xgb_first_time_investor
002557647E17138E132231AB3C1D938A,0.5605744123458862,424,xgb_first_time_investor
015BF57FC537E7AC0CD3CB8887C1DC3E,0.5600204467773438,425,xgb_first_time_investor
0032D09F59F0C9D487D5DB8547BD298B,0.5600048899650574,426,xgb_first_time_investor
010200F89584F3913348A24E9E4CE1BF,0.5590436458587646,427,xgb_first_time_investor
015213AB1D59C23391736B4BA776ECE0,0.5587900876998901,428,xgb_first_time_investor
002892304B9F3AE2ED069C9296FE8CA2,0.5584279298782349,429,xgb_first_time_investor
010A2334E66DE348BFAEF49CD870FAB2,0.5574635863304138,430,xgb_first_time_investor
0046D8265F5FC9CA85160392D87296FA,0.5567725300788879,431,xgb_first_time_investor
01425A33EB46B964DA1B70DC261A1D18,0.5562045574188232,432,xgb_first_time_investor
00EB18780F8FF65521205141AA941767,0.5558933615684509,433,xgb_first_time_investor
008759B6C990C6D42CC4D00DEE963714,0.5557674169540405,434,xgb_first_time_investor
004762A8E17BF4482E7C1629BADD6B86,0.5553216338157654,435,xgb_first_time_investor
00AC9BC5EE4CB1C505A695AF77B62A25,0.5539352297782898,436,xgb_first_time_investor
015E6927C7E540C52F54320E63DBAF34,0.5539070963859558,437,xgb_first_time_investor
002C213F9E0FFBE20FB6270E62E1F4F3,0.5535959005355835,438,xgb_first_time_investor
00A3888E36485875C63BDE31571B1719,0.5531057715415955,439,xgb_first_time_investor
00AE01583A7CC488216F6C2FECC9E62D,0.5528871417045593,440,xgb_first_time_investor
013040E9F0B062EA275C51CEAD5581A5,0.5524697303771973,441,xgb_first_time_investor
00F66DA5BD18B141FF96C4571BFDE096,0.5523161888122559,442,xgb_first_time_investor
004A7FBF9E122E272569C8C9EB3F3ED6,0.5510776042938232,443,xgb_first_time_investor
000DF9A4DD124772484A7755289073AF,0.5508451461791992,444,xgb_first_time_investor
00480BDCB7719F4E95B9C806EAD3B3BC,0.5500291585922241,445,xgb_first_time_investor
00E1FC54A161212ACA1043FFE12EB0B8,0.5489551424980164,446,xgb_first_time_investor
01182B3EF979C0266A914FA2B674F842,0.5485541224479675,447,xgb_first_time_investor
0093E54E9E19747BBD595BD4D2C42C08,0.5474998950958252,448,xgb_first_time_investor
008FF879172276708AA7F154BFC2274B,0.547133207321167,449,xgb_first_time_investor
00FC3DD0A7750B4E9F3A776354217465,0.5469467639923096,450,xgb_first_time_investor
00DEA4BCC876EAF082CE1591560CFDE0,0.5469226837158203,451,xgb_first_time_investor
005289A84E853C062E8DCDB602AA1290,0.5468838214874268,452,xgb_first_time_investor
003D1A3BE1BEB1748896DDB37B5C5371,0.5468739867210388,453,xgb_first_time_investor
004889958A32A32884A081FD2381F030,0.5468578338623047,454,xgb_first_time_investor
0160B4C330CDE61EB8F8CA0EE4AFE503,0.5465233325958252,455,xgb_first_time_investor
008701E6DA86BE467707CC388C87D317,0.5452162027359009,456,xgb_first_time_investor
012D4098232B9B26F28EFEA73905C9B5,0.5451377034187317,457,xgb_first_time_investor
015DADA945AF6FC90E8AB1E6750D3975,0.5442067384719849,458,xgb_first_time_investor
004890DE47CAFDB96AFD0FA8EC3A995E,0.5439464449882507,459,xgb_first_time_investor
01030A00243CB17FE556CE1DAD63EB8D,0.5438904166221619,460,xgb_first_time_investor
00038623B651D97995B2B3AF4B443913,0.5437002778053284,461,xgb_first_time_investor
00570FB3344666086CAB1F92BD216AFE,0.5435463786125183,462,xgb_first_time_investor
015228AE3CAC12530D6352E675AD0B6E,0.5434967875480652,463,xgb_first_time_investor
0107044354D841A791C853C49EDEF5EC,0.5433615446090698,464,xgb_first_time_investor
00B6BBB72F94A28CD4C62A679367B813,0.5432689785957336,465,xgb_first_time_investor
01301527C0B9CA5249E455EF15C8CFD9,0.5431954264640808,466,xgb_first_time_investor
016113337485ED8441969CA7496EEA15,0.5426952838897705,467,xgb_first_time_investor
0030360C061E83B579960AEE8BC3BE0F,0.5422680974006653,468,xgb_first_time_investor
00264A560E3FB55217126EB832BA7844,0.5420041680335999,469,xgb_first_time_investor
016F3E03A40EE7B7E4D7340694CCBDF0,0.5418049693107605,470,xgb_first_time_investor
014C165E9E951CE60D60D24B727E59EB,0.5416916608810425,471,xgb_first_time_investor
005F5DE549F43C98666588A338974B7E,0.5413487553596497,472,xgb_first_time_investor
001BDBEB438523BD1FB6B75BE5CF9942,0.5412368774414062,473,xgb_first_time_investor
0158E28094F90276FBDCEA62E6F5033A,0.5411873459815979,474,xgb_first_time_investor
0102D14B80D5A7048281800979909709,0.5411431193351746,475,xgb_first_time_investor
00862284D3C8F98D345BE04ADD804266,0.5407429337501526,476,xgb_first_time_investor
00B073F7DD5C4A4FE3003D3B9AF2E6DE,0.5404414534568787,477,xgb_first_time_investor
012A2E2945B750E694052669810F8DF3,0.5404030084609985,478,xgb_first_time_investor
0063B874910F1B947FBAAFEB47441AF5,0.5403695106506348,479,xgb_first_time_investor
005D8DA957C7BA7ECBE30D878964BE66,0.5402265191078186,480,xgb_first_time_investor
00DC304DA5B8C261454B41658FE526A5,0.5397554636001587,481,xgb_first_time_investor
00AA7F63EA6811B681EBC4F037FA6DBC,0.5395316481590271,482,xgb_first_time_investor
00196F136788F0E0557F9D96906B1A3E,0.5387726426124573,483,xgb_first_time_investor
00A770096AFB6C3D938182D6CADF8B44,0.5387594103813171,484,xgb_first_time_investor
00EC4FA31C1E27E00D2CF01AF853B964,0.5385848879814148,485,xgb_first_time_investor
004B28D3E4CBBF6F9436E7B8761FA4BF,0.5383082628250122,486,xgb_first_time_investor
00A1D71DFE5BA453606BC141394CD92C,0.5381587147712708,487,xgb_first_time_investor
013A6FC6C985F6B0C78C17D44C20B433,0.5380147099494934,488,xgb_first_time_investor
0096F88770B019E2E7E5F51FD849603D,0.5377330183982849,489,xgb_first_time_investor
000CD48632499A7D152D01B1520027CF,0.5376420021057129,490,xgb_first_time_investor
00EC49B854AC9D7DCBD2B76C9A488936,0.5373726487159729,491,xgb_first_time_investor
00053FD8E32B2D3A9D1B100EC2FFCD62,0.5371778607368469,492,xgb_first_time_investor
0163ED1E03316E0020762279ADC4ECDD,0.5371364951133728,493,xgb_first_time_investor
00197583EC460F2D7889A99774F51948,0.5370041131973267,494,xgb_first_time_investor
0146FA4DDD279878EB240495539FEFE6,0.536494255065918,495,xgb_first_time_investor
01586DAAA3A940C84A8B665B40F3DDC7,0.5354114174842834,496,xgb_first_time_investor
016CB6A85DE48C92FD6CF79C5CE44E60,0.5353789329528809,497,xgb_first_time_investor
00E226C150B8E8358E539D9047ED8CE7,0.5353071689605713,498,xgb_first_time_investor
00D6B2A298E9FA6574EAE19E54CB4AEB,0.5350263714790344,499,xgb_first_time_investor
016C6E06A37D34D9026F3A614F26C013,0.5350263714790344,500,xgb_first_time_investor
010E3047794843958AD192BBA98AF179,0.5349761843681335,501,xgb_first_time_investor
006FA77839DA60912336703640AAD31B,0.5349159240722656,502,xgb_first_time_investor
009DA797EF73CE5385EEE5AACD1B4BE2,0.5348532795906067,503,xgb_first_time_investor
00B0FBE4710E07419DDA299B653E239A,0.5348141193389893,504,xgb_first_time_investor
00E6AC78D0A69EAFBD1AE8064BCFB885,0.5343520641326904,505,xgb_first_time_investor
011308970B2CCF8A730E48639BB4CE91,0.534308135509491,506,xgb_first_time_investor
01631668FDC1391A883FC2A4EA9253B3,0.5341760516166687,507,xgb_first_time_investor
00D05FDEFE875163A38D992D920BD151,0.5340649485588074,508,xgb_first_time_investor
0040706F8751BDB91CB71DC7521C1DBF,0.5332967638969421,509,xgb_first_time_investor
00402FAAD78D46ED47FB39B7B5FF6B1A,0.5330829620361328,510,xgb_first_time_investor
013E3E6132FB47B3696D07FC658D57C9,0.5325963497161865,511,xgb_first_time_investor
0047BEE23B19906F71831B5AE7EFCB2F,0.5325780510902405,512,xgb_first_time_investor
0044D977E4EB8D0444DD95FEE23594DE,0.5324781537055969,513,xgb_first_time_investor
0034D270A115B190D2518750D839288E,0.5320355892181396,514,xgb_first_time_investor
007F78C1B9369FA00EF2F5799A943F08,0.5320162773132324,515,xgb_first_time_investor
014B84606D2D38EF40B2B8F34A9A46BF,0.5320127606391907,516,xgb_first_time_investor
01025C598363176A60A6703FB5CE7970,0.5313552021980286,517,xgb_first_time_investor
0025CEB0EADD19E1B10142941E4F53E2,0.5312095880508423,518,xgb_first_time_investor
00642ACD41F4851BA47013C2E43D8E9D,0.5309322476387024,519,xgb_first_time_investor
00DA434E8D916518F89EA44507AC2CA6,0.5308163166046143,520,xgb_first_time_investor
0115839F8707A3B4B05E95E633A38475,0.5307586193084717,521,xgb_first_time_investor
00212F26348112DA2D3EA50706BC1BD1,0.5301596522331238,522,xgb_first_time_investor
0059DBED109F3810E346F0F2EB262E82,0.5297839045524597,523,xgb_first_time_investor
009AEEB75715A350427A69D4E74388E0,0.5289966464042664,524,xgb_first_time_investor
009DF736D7455776CA3D8C59954B33DB,0.528752326965332,525,xgb_first_time_investor
008747022603B4394F8E2C08B7694E05,0.5284282565116882,526,xgb_first_time_investor
0098BB6E1972AB437DE91954AF9B2D29,0.5282168984413147,527,xgb_first_time_investor
00A8B18C288F40909326CFFD5F96E110,0.528057873249054,528,xgb_first_time_investor
00DC70A43B2EB98A376AF849E7EE06C4,0.5279811024665833,529,xgb_first_time_investor
0150A415DBF3CFCD120EB4A9D79EBD01,0.5279793739318848,530,xgb_first_time_investor
00352E1290DD48B29F756CE2F1D48C7B,0.526680052280426,531,xgb_first_time_investor
005CF471E943B64C0C030DFD79B6CF59,0.5264676213264465,532,xgb_first_time_investor
00CE1BF6F298255B6543D890458D2FDE,0.5261869430541992,533,xgb_first_time_investor
0113098F8A63A3658328F6637354110B,0.526019275188446,534,xgb_first_time_investor
00237E6990BC0AB741241B893053C36A,0.5258738994598389,535,xgb_first_time_investor
00048512346B0EDFE201C405A687B840,0.5257455110549927,536,xgb_first_time_investor
00FA076644323A6DFAF0ECBDAD79D95B,0.5255776643753052,537,xgb_first_time_investor
00B3EDB92ED98BA61148BF680CFE8438,0.5251747965812683,538,xgb_first_time_investor
00253E8BC8D4F3B37F90F245A558B8E0,0.5250436663627625,539,xgb_first_time_investor
00911D317BF9EF91B6EBD8012DD150EA,0.5248590707778931,540,xgb_first_time_investor
00FE786C55D24BB229AA1148C6ABECC7,0.5244323015213013,541,xgb_first_time_investor
00E8A59898939514E5F6EE95B99A4950,0.524323582649231,542,xgb_first_time_investor
00319FACE8A39C2D9E032008DF98764D,0.5238149166107178,543,xgb_first_time_investor
00128EAEFB7962A805D66DE90B223B8B,0.5229837894439697,544,xgb_first_time_investor
006F186A7F250C07256E7045B0F8D751,0.5228853821754456,545,xgb_first_time_investor
00696A5B2C037ABDA7020B1FE2E2701A,0.522881269454956,546,xgb_first_time_investor
005F12C288600B427052953640C4038F,0.522280752658844,547,xgb_first_time_investor
00E24ECD760504617E9195B5CA0B753C,0.5222079157829285,548,xgb_first_time_investor
00CF077D3F4879F09FBDE65A432573AB,0.5221419930458069,549,xgb_first_time_investor
00DE597A742CCA18A101F9F26461CC14,0.5221238732337952,550,xgb_first_time_investor
01171D74FFD765EE38625A13D91D9785,0.5221099257469177,551,xgb_first_time_investor
0084DCCD66554F9C72ED7B4B1B4EAF66,0.5217201709747314,552,xgb_first_time_investor
007920DFABB052E86CB3AB9A19181CF5,0.5216946005821228,553,xgb_first_time_investor
00CF03C81DBF8FB425E1FBF5FA2ED55F,0.5212554931640625,554,xgb_first_time_investor
00E186A5F286403833EF208C0D9D61ED,0.5200785994529724,555,xgb_first_time_investor
0112F90A99BC95A85F0DDD0A3E97B885,0.5199617147445679,556,xgb_first_time_investor
00D403BEEF27EE5F70752E500A639846,0.5189946293830872,557,xgb_first_time_investor
00EA5908FD5AB7ECC082C8342106564D,0.5188517570495605,558,xgb_first_time_investor
006CDCD920CE7EC5286B34D5783EF7A9,0.5180938243865967,559,xgb_first_time_investor
00B8B65CB1F4873546DD1EB2EA01BCED,0.5169094800949097,560,xgb_first_time_investor
00D9167E1B03FC7EF9A906B378235C72,0.5162267684936523,561,xgb_first_time_investor
00D67C00D460086279539D8AF9051020,0.5160036087036133,562,xgb_first_time_investor
01636A094BE669B54EC6E71EFF49603F,0.5155124068260193,563,xgb_first_time_investor
002F7B6563BB702A11F1F29C0A9CCB1F,0.5152886509895325,564,xgb_first_time_investor
00CE9907F4C884B402881BE83C4D75F8,0.5152389407157898,565,xgb_first_time_investor
00DEA62E46B4252550F9D4AC08CE25DC,0.5151571035385132,566,xgb_first_time_investor
00B6F8975A3B18B3EE43B327185797F1,0.5149164199829102,567,xgb_first_time_investor
0079ADA0D5932FF7440BEB187AED6C13,0.5147485136985779,568,xgb_first_time_investor
003A833FDDD5AA141C9F642A469352D7,0.5147160291671753,569,xgb_first_time_investor
0119D67A90426A287911EDAD32435F91,0.5146002769470215,570,xgb_first_time_investor
013ACC047631D1679E5D294EF46EDC44,0.5133501887321472,571,xgb_first_time_investor
00AB17C7D2A794F3DAF452B083017322,0.5130167007446289,572,xgb_first_time_investor
00FCF86AC60CA463883D42A0F5ECD22B,0.5129503607749939,573,xgb_first_time_investor
00AE05EF1E2EDF036CDD48963E9E89B7,0.5115194916725159,574,xgb_first_time_investor
0150F02A80BCE8807B4C5E37192D2228,0.5114260911941528,575,xgb_first_time_investor
007562B911700B5926219290791BBFBF,0.5110350847244263,576,xgb_first_time_investor
005FE87E5E0C0F010C36E05FB50DA950,0.5107589364051819,577,xgb_first_time_investor
0132C7C46C75B7E8F983854F803FFE4C,0.510571300983429,578,xgb_first_time_investor
006181EC5A9F77A3BF0D547ECDAF5CD4,0.5102589726448059,579,xgb_first_time_investor
01305BBF8089774390910F8CB9B50F92,0.5100866556167603,580,xgb_first_time_investor
01264C362D876E7295E098F6CBD7C96D,0.5099831819534302,581,xgb_first_time_investor
00B634FC7B7F81D3EDDF71A5ED8C766E,0.5099666118621826,582,xgb_first_time_investor
013FD86DC0F128D1472BC4E9743EF2D5,0.5098952651023865,583,xgb_first_time_investor
011862DC96B743360731E778D129EDB0,0.5093634724617004,584,xgb_first_time_investor
0051CD2821C27218B9B395A0B2D31A21,0.5088797211647034,585,xgb_first_time_investor
002A1B1C0CA8C2D4BEED1CDBA8C2F4AA,0.5087730884552002,586,xgb_first_time_investor
008A4610DAC44ACC6125E2DE624DA113,0.5084419250488281,587,xgb_first_time_investor
0094A6946F6D18B57EA02B6751765028,0.5078408122062683,588,xgb_first_time_investor
0170512E3253192AB4D6FF92FC39083B,0.5075517892837524,589,xgb_first_time_investor
0057E0549812E8D7307E773551DD5D4D,0.5074170827865601,590,xgb_first_time_investor
00F8F9316561CCD5C6E3537E7180BD95,0.5069832801818848,591,xgb_first_time_investor
005044B02CD79040E975AC0CB81CA59C,0.5067245364189148,592,xgb_first_time_investor
00E457E8E7883446A68F9FAE91A554BA,0.5058668851852417,593,xgb_first_time_investor
001232C5DE1162D328CDD7CBD526F726,0.5057361721992493,594,xgb_first_time_investor
00CF0ECBBCBE214D1B62E15475A478A2,0.5055387616157532,595,xgb_first_time_investor
00C45843A4114B517BAFE39F438AC98B,0.5051531195640564,596,xgb_first_time_investor
0140A4D9219DB87A032A94FFEDFFAE71,0.5050313472747803,597,xgb_first_time_investor
00CE5C7CE7C8DDB8D021E6E06BE6DEAC,0.504819393157959,598,xgb_first_time_investor
005F65A3BF49A7FB8366433F934CD9D9,0.5044820308685303,599,xgb_first_time_investor
0121BEF5B54E766A0F923A076E067E62,0.5042707324028015,600,xgb_first_time_investor
0171CA057554247CC85E383C8A80A96A,0.5041372179985046,601,xgb_first_time_investor
002D6D7E2B1BE41E2743FC6A979FAC62,0.503536581993103,602,xgb_first_time_investor
00AD62DEBE6D0333B63F4436180A3315,0.5033228397369385,603,xgb_first_time_investor
001FA977A6C18AD7C2890F8BD347E968,0.5032567977905273,604,xgb_first_time_investor
00302E30F0C31B3291F7F2094A94D8E2,0.5031653046607971,605,xgb_first_time_investor
010E1263D5BA29C1700BECE44EC4EB5C,0.5029478073120117,606,xgb_first_time_investor
0046376BCCB7D64362FFC6C2234C5595,0.5028514266014099,607,xgb_first_time_investor
00964A89664235D01FE7B332B4B5D77F,0.5027447938919067,608,xgb_first_time_investor
01722EA296D7BB8DA5E0157FB42D112B,0.502608060836792,609,xgb_first_time_investor
011729D64B176324F4BBE8B04E29AADB,0.5022314190864563,610,xgb_first_time_investor
00B7AC0569C5DFF61CD8C1F57F08D4B2,0.5022289752960205,611,xgb_first_time_investor
00D8C8B60F7B109A29151E9175DD54D7,0.5018501281738281,612,xgb_first_time_investor
004E7F711F891AAC5CF8C09BBB47B9FA,0.5017014741897583,613,xgb_first_time_investor
00CC3BDF9A2FE35F2FCBEB63D0DE4691,0.501478374004364,614,xgb_first_time_investor
0170C03011D1CA709EBCA724CDBCF6F6,0.5012367963790894,615,xgb_first_time_investor
0090C0B630261994055BDFB12E7A9310,0.5009350776672363,616,xgb_first_time_investor
008CBFF8172DD789C92F7ED031168C47,0.5005305409431458,617,xgb_first_time_investor
001E2BFEC86C1E8A66DE5D2FE22AC2C8,0.5004575848579407,618,xgb_first_time_investor
00378CB84F1C79D2BC5B55F2823B895E,0.49917489290237427,619,xgb_first_time_investor
0156362DB1CDF68BDA6AC1A69C9C33B8,0.4991178512573242,620,xgb_first_time_investor
016EDE4BE205534D6D7A091BAEFF6203,0.4988609254360199,621,xgb_first_time_investor
001970FF07573F35B2D08E9B4491ADD1,0.4988221824169159,622,xgb_first_time_investor
00F94A7C15F540297281D70EB7A575FA,0.4973415434360504,623,xgb_first_time_investor
015B3AD05B4DB5296F0CF8B3CCF4057A,0.49716445803642273,624,xgb_first_time_investor
013A383CFBCADB269DFFBA0F60FC1F38,0.497050017118454,625,xgb_first_time_investor
00503820B8E8F0648FF05E8188BAC55F,0.49687257409095764,626,xgb_first_time_investor
016958822ED94F8EAAC0C253388782DB,0.49658676981925964,627,xgb_first_time_investor
0122077ECD4FC841EA7211607F654AD9,0.4963679313659668,628,xgb_first_time_investor
011D8D959A347F92DF119CBE82299F83,0.49581295251846313,629,xgb_first_time_investor
000FEB50118C05675410430C6D0505FE,0.4948725998401642,630,xgb_first_time_investor
008B0A5543CE36ED6A27C315AADDA8DE,0.49460887908935547,631,xgb_first_time_investor
00835352CDC66AC13E217EF6CC169E6E,0.49456197023391724,632,xgb_first_time_investor
012F0039A1C7C8DC11B5086870BA0011,0.49439001083374023,633,xgb_first_time_investor
01308C9E59826A401BA84085B01D7A52,0.4943164885044098,634,xgb_first_time_investor
00463C335373D0BFC632643D219B1FA5,0.49427029490470886,635,xgb_first_time_investor
015489E8B3AA557E8CA2EA8A914BC4A3,0.49353450536727905,636,xgb_first_time_investor
004898E989A89058577D47AC2EC8257F,0.4929758310317993,637,xgb_first_time_investor
01575194C66DE5EE04DC2EE53697AE3D,0.49294009804725647,638,xgb_first_time_investor
011B6F61844B56F34D6999B6359B6B23,0.4928649663925171,639,xgb_first_time_investor
0002D2C9D1370EB8C6DC647479472D3E,0.4927845299243927,640,xgb_first_time_investor
013BB63F510EA9EB0E1A8F70CFDFFD37,0.4925515353679657,641,xgb_first_time_investor
00B4BB6FF1A8DF359F91D49393E8372E,0.49201062321662903,642,xgb_first_time_investor
00BD54F75BCA170E77DA92212C29D82A,0.49185916781425476,643,xgb_first_time_investor
015E1F20C0EB5648A3B02D9D09E2D4EE,0.491245836019516,644,xgb_first_time_investor
0159BE7B970B1CB5CA8E0D8FACC1AD54,0.4911937117576599,645,xgb_first_time_investor
006F06BC7B598E50263F0344C09CB526,0.4902499318122864,646,xgb_first_time_investor
00B9B6C61C0EE3CC3C5D5EABDE624DE3,0.4900863468647003,647,xgb_first_time_investor
001CFDB90574EF065A399B2F65C008F0,0.49003058671951294,648,xgb_first_time_investor
00FC79A32B046BADBD0F4EC7C5E7E6CA,0.4897235631942749,649,xgb_first_time_investor
003C65D1E666ADEEFDFB5F73644B880D,0.48961126804351807,650,xgb_first_time_investor
0153BA7CA9D56B8D51D634642984BE3E,0.48960453271865845,651,xgb_first_time_investor
00D4FAE0A525B19B3EDD224FDE3D6821,0.4893135726451874,652,xgb_first_time_investor
00257589EB9013BC87240F18A5D5EFCB,0.4891785681247711,653,xgb_first_time_investor
0068EF7B2055FF3F357D6F0627A79A17,0.4891088902950287,654,xgb_first_time_investor
010917DB5CDBF2BCCF4B5BCF5EBCF925,0.4885813593864441,655,xgb_first_time_investor
0114C52CD97F9A30757A128DB346B1E1,0.4881753623485565,656,xgb_first_time_investor
008F3EE8C946438AF357D452C307D70D,0.4881497919559479,657,xgb_first_time_investor
015A9193EFB10A2FD6AC5B975C81450F,0.48800939321517944,658,xgb_first_time_investor
0162B223B1F2BBA4881A666B3CCA62B6,0.4876224994659424,659,xgb_first_time_investor
0170DE73A4765AC7509FBBBD34A9FB40,0.48739171028137207,660,xgb_first_time_investor
01331B3ECBCD76E22873770EA698795D,0.4873613119125366,661,xgb_first_time_investor
0095C50913C6034BF7F993E88BCEE117,0.4871070683002472,662,xgb_first_time_investor
01348F83D441199E817156B829859AE6,0.48709601163864136,663,xgb_first_time_investor
013FD5C6A5E78405799FE8CB6EC3E25D,0.4870815575122833,664,xgb_first_time_investor
00B64AF1806B18E5F12CDB11485E623C,0.48681482672691345,665,xgb_first_time_investor
015F09A86A45B6FD07963DCA37E34414,0.48666277527809143,666,xgb_first_time_investor
013D7CF653C676C4D1FD875EEBD6B60D,0.4861724376678467,667,xgb_first_time_investor
00FEAE2A4687AF42C033E7205CFA25C4,0.4856167733669281,668,xgb_first_time_investor
004C2E85334210AF52BDD4AF5B7A1D86,0.48549994826316833,669,xgb_first_time_investor
015ED15FAF93B99C2E316149B470A876,0.4852443337440491,670,xgb_first_time_investor
0101E372B90476D11354C6F75666A450,0.4852220416069031,671,xgb_first_time_investor
00ABE80EA26CECC555DC60D0452F7D56,0.48506829142570496,672,xgb_first_time_investor
011A5154086D6CB1741F81B6796A8712,0.4849563539028168,673,xgb_first_time_investor
00DABDFBE87D3476D2B9C54F2F233527,0.4843590259552002,674,xgb_first_time_investor
00DB83B3C6720584027080221F629429,0.4842270612716675,675,xgb_first_time_investor
010FA0968DCCD50D8F3475ECB7BE903C,0.483731746673584,676,xgb_first_time_investor
0056620111A610ABD834686635C46BC5,0.48311465978622437,677,xgb_first_time_investor
00AB34E9377DE89F10AE2135D83BF3FC,0.4828917384147644,678,xgb_first_time_investor
00823DF6B9A81032E5BC5C1181D841AA,0.4828827381134033,679,xgb_first_time_investor
00BC1498B41D4A317338ED7B2D657929,0.4827437996864319,680,xgb_first_time_investor
009D937C90FC97DCC9E47EB1D9324CB7,0.48238545656204224,681,xgb_first_time_investor
002D84E81D6A645A8B89D267440F9717,0.4821324944496155,682,xgb_first_time_investor
007F17C99D3062090A89C171FE037370,0.4819251000881195,683,xgb_first_time_investor
01651EE6AD7F5314FA0FEFF480012616,0.48128074407577515,684,xgb_first_time_investor
015975E39AF3A39FCE4D7CD799AC2B88,0.4812701940536499,685,xgb_first_time_investor
0042D383F8B4E061E03B41913C924DF2,0.48110488057136536,686,xgb_first_time_investor
0064507A9BFBF942DB0C692546C09BA6,0.48099496960639954,687,xgb_first_time_investor
0144387B753A816A575CF8CFCA870C76,0.4809430241584778,688,xgb_first_time_investor
012748C2E358C4B0E5921467125AFFCD,0.4803586006164551,689,xgb_first_time_investor
001B45AF3BA7D7DB8C79589BA79D9598,0.47988957166671753,690,xgb_first_time_investor
01699BE60A5AB0E028DC4D964D81EEE2,0.47980350255966187,691,xgb_first_time_investor
0098CC2D7D6EEFF441A6FDBF322E7229,0.4796891510486603,692,xgb_first_time_investor
00904E82DF9C954447AE4F4520256954,0.47953054308891296,693,xgb_first_time_investor
009EF768FD74702715E8B4ABBDB98D6E,0.4795297086238861,694,xgb_first_time_investor
015BB3C44F389848B3F4AB650C32A1D8,0.4792855978012085,695,xgb_first_time_investor
016AB077C7043DF59CC1307600F5D822,0.4792650043964386,696,xgb_first_time_investor
01226959B16BC88B443A8C78A3C660EF,0.4787575602531433,697,xgb_first_time_investor
009F035F839D3A91986BEF1CCEEE9DB4,0.4784552752971649,698,xgb_first_time_investor
00BCD49080B9B5856AC75E53941F61E8,0.47821420431137085,699,xgb_first_time_investor
00D16E6FBC68B82670067922FC5CD58C,0.47719505429267883,700,xgb_first_time_investor
01178B73D458F4137B1CCECCC13FB629,0.4769761264324188,701,xgb_first_time_investor
009F6150667E43BD38FA81BA3416C3CD,0.4768255054950714,702,xgb_first_time_investor
00A6B1551DFC72115AF3CBC764691BCC,0.4767199456691742,703,xgb_first_time_investor
012A6BD75263781FED2179D5F5A7A68A,0.47664204239845276,704,xgb_first_time_investor
001D9057930329C103BE16702AE81563,0.4766140878200531,705,xgb_first_time_investor
001123022FD5A0ADF263DA810DC57EB0,0.476605623960495,706,xgb_first_time_investor
002BEC53A7A180DD1721F24B60D72FE5,0.4764910638332367,707,xgb_first_time_investor
00C78B28DBAAA0CB97854B1379D26494,0.47638174891471863,708,xgb_first_time_investor
001ABB7CC26A1F4F275B0FCB68C57AA3,0.47626981139183044,709,xgb_first_time_investor
015EFE3B1F1A30549DA8C7B54BDA6228,0.4744962751865387,710,xgb_first_time_investor
00C5CC7BA537A9ACB90EE7064F76A5BB,0.4744890630245209,711,xgb_first_time_investor
005985043EDFE4DF797D86794695E4C5,0.4740823209285736,712,xgb_first_time_investor
00F4CA1393D9D5D90585E618AC7EAFE8,0.47396692633628845,713,xgb_first_time_investor
014EC453ECB7C0AF67D8A7CF12293B7C,0.4738048017024994,714,xgb_first_time_investor
00549B521BF564B62151BCC1623522B3,0.4732670783996582,715,xgb_first_time_investor
008AE9635C02A355D325D35E0D6EC968,0.4731733798980713,716,xgb_first_time_investor
0006C5D1EB15F07080C4264AA53357CA,0.4728327989578247,717,xgb_first_time_investor
01733B4FE1C1F710497DBB427FE59AB9,0.47272366285324097,718,xgb_first_time_investor
0051410FA6F3104F81FD9D2D330BCF98,0.472481369972229,719,xgb_first_time_investor
00D872AC10A7D7BA3C902DE59E30799D,0.47163623571395874,720,xgb_first_time_investor
0016065AD855A9615594E14F9C018E69,0.47124379873275757,721,xgb_first_time_investor
000A77B56707D7CEE7D4FF0237B291C5,0.47111114859580994,722,xgb_first_time_investor
0171E7808147AA9C8ACB9955C165F062,0.4708717167377472,723,xgb_first_time_investor
00EFE736521C3BA7EB825B6284C1D5FE,0.4707425534725189,724,xgb_first_time_investor
007B0A3964639510E3C94B62B070F34D,0.470257431268692,725,xgb_first_time_investor
00E3D4B84D689045CF409BE6F2FC71F5,0.47021523118019104,726,xgb_first_time_investor
0133DDCFF3918AEA59A89A31B93A80CD,0.4698294699192047,727,xgb_first_time_investor
0054C1489BF937AE5718E1035DFCDF3E,0.46972256898880005,728,xgb_first_time_investor
009C526DC21A0F3DF4525EE84DDACE21,0.46908292174339294,729,xgb_first_time_investor
015110D99BA5F4ACF25B81284EFF7DFA,0.4690239727497101,730,xgb_first_time_investor
0045BD5E6996D0F5F0ACE606408465D4,0.46864673495292664,731,xgb_first_time_investor
01689F491CBC87B310CE13DDA5EDF2E7,0.46825936436653137,732,xgb_first_time_investor
00BB4AA406C55916428C27D252F7EAB5,0.46758949756622314,733,xgb_first_time_investor
004359B2D30DD76CE6DED950AD630BE5,0.46733972430229187,734,xgb_first_time_investor
00C9F41FDF58B865CDDBFB94AADDEFD9,0.4673137962818146,735,xgb_first_time_investor
0035AA4CCAA9D6F4E22508F5BCF23635,0.46726080775260925,736,xgb_first_time_investor
0018F7226386BE80B78444C5BBDB7603,0.4671784043312073,737,xgb_first_time_investor
015746A426131B4AE7B072E6B2550220,0.46710023283958435,738,xgb_first_time_investor
00BC9D400F77397FA96C3F0CB54978F3,0.466895192861557,739,xgb_first_time_investor
0065BE615D3F579F3BA5DBBC2996997A,0.46666407585144043,740,xgb_first_time_investor
012976E6722DC58123CC6135AC8648AB,0.46663355827331543,741,xgb_first_time_investor
003199942B316DA4F94927FE2373F0A8,0.4663686156272888,742,xgb_first_time_investor
00DCA936ADE953409C8721DB344548E7,0.4656408727169037,743,xgb_first_time_investor
016FFC9F0C0372931B2E45486661262A,0.46553534269332886,744,xgb_first_time_investor
0047EC695E94685E5008C6CECD66F41E,0.4653492569923401,745,xgb_first_time_investor
013C7F0CEC0FAF4AA34727774FB524FA,0.46523410081863403,746,xgb_first_time_investor
0153F616103B4FA1DBC23BA86C56707E,0.4652193486690521,747,xgb_first_time_investor
0111BDEED534B69A699FCE258A874DF5,0.4651491641998291,748,xgb_first_time_investor
009C8F6A7A4C4E3B904E6F0066439260,0.46510037779808044,749,xgb_first_time_investor
00CAA573D010246CF63772DD24EDF0F2,0.46496930718421936,750,xgb_first_time_investor
0097C9A69A29F6FA61742D1E45262F04,0.4649614691734314,751,xgb_first_time_investor
0078BF54C629959FCB8F9C6693A698A7,0.46477824449539185,752,xgb_first_time_investor
0037622B7FAFA1ACA5F136A1DB8479B0,0.4646805226802826,753,xgb_first_time_investor
00BD68314D404D97982E8FA03D636D2C,0.46467703580856323,754,xgb_first_time_investor
00D77FDC3351414D34B57D70B97CB798,0.46437743306159973,755,xgb_first_time_investor
006F86111E0620E7683B755D6773FB01,0.46418848633766174,756,xgb_first_time_investor
003DC2D994AFFC31DBD842EB781052B4,0.46416783332824707,757,xgb_first_time_investor
00DCE2DE15DBD331962D7D16C3E5D8A7,0.46396511793136597,758,xgb_first_time_investor
0018C5F33AC2980AA9351955BD2FC9E1,0.46392086148262024,759,xgb_first_time_investor
00B7B535EFE1E87CD731DFDF5238D96E,0.46341782808303833,760,xgb_first_time_investor
00DC78A15784158BF8ED9B17CA391912,0.4632849395275116,761,xgb_first_time_investor
00D3EC3481575F031C473836F6AFC890,0.46322017908096313,762,xgb_first_time_investor
011A562F3F01498888E9B6AB67834C2D,0.463150292634964,763,xgb_first_time_investor
00DAED71DD369C22A96F7DE8FF9E1A3F,0.46281397342681885,764,xgb_first_time_investor
001DA4C1CD0559C5690124240ACFE7CE,0.46247825026512146,765,xgb_first_time_investor
005E0BC7BA9131333548038978EA72B8,0.46237680315971375,766,xgb_first_time_investor
00BD398F90211FDCE2356453D4B7FC84,0.4621565341949463,767,xgb_first_time_investor
005D5866804B6663A4AEA2F4B77BEA9B,0.4617740213871002,768,xgb_first_time_investor
0164C948C3F9B5C8245A7586E7C3421F,0.4616309106349945,769,xgb_first_time_investor
00D9905C59587E4AF276AE2FF8361EEB,0.46093887090682983,770,xgb_first_time_investor
008EDB169986B1122EC5DCEF9892A8D5,0.46089863777160645,771,xgb_first_time_investor
01055EE0C3691F6856D419BC18E6E9BE,0.46081286668777466,772,xgb_first_time_investor
002341C4B4E9724D9638BD20FBB5C825,0.4606967568397522,773,xgb_first_time_investor
0072166BD7778AC6BA79D77DF2CD6238,0.4600972831249237,774,xgb_first_time_investor
00FA050EE4C38783C8CF4338A80981FD,0.459929883480072,775,xgb_first_time_investor
00710B03BBAC78A382B014BDD0A0C139,0.45984819531440735,776,xgb_first_time_investor
00BCCE04DDB8C93A4A0FAC99C4862107,0.45959335565567017,777,xgb_first_time_investor
00837843AA824712840474D4E75B098B,0.45956817269325256,778,xgb_first_time_investor
00C543A4CC0C3A012934CC8D15ADBDB6,0.4592684507369995,779,xgb_first_time_investor
00C8EABDAD1135E187FE394F013D1B1E,0.4592214822769165,780,xgb_first_time_investor
01237BBC9C41C1B310F35D875C39E860,0.4589177966117859,781,xgb_first_time_investor
00F0A37554DC596E2B3632155F91D899,0.4581907093524933,782,xgb_first_time_investor
014BF41C6B925B6178A2AA53A658490A,0.45755618810653687,783,xgb_first_time_investor
00F014E689D1D546B2629FA7FBEBA1B7,0.4570319652557373,784,xgb_first_time_investor
0002924CA3F18CC0D96CF278502D3C40,0.45683175325393677,785,xgb_first_time_investor
0037D3103EA48C0BD3C6E78D1A6D2583,0.4565783441066742,786,xgb_first_time_investor
016E62AC49BFC3121280BCD1DE6496F5,0.456206738948822,787,xgb_first_time_investor
0147EE9B3C3EBAA296AB2697BF043FF5,0.45598945021629333,788,xgb_first_time_investor
002C3AE46BCA4DB83E646EFFA869A377,0.45565250515937805,789,xgb_first_time_investor
001B1E5F0ED5FB1B5BF0C9A4C20E787F,0.45555469393730164,790,xgb_first_time_investor
01261AC509201DD4F36C24B1887E6FB9,0.45525670051574707,791,xgb_first_time_investor
006A70A43EF07A85A6889891F45234E8,0.45525670051574707,792,xgb_first_time_investor
007CEB00EA7D895EDD4EC6C2DE296BB7,0.45467498898506165,793,xgb_first_time_investor
01614A214B346718CE46A0E6D8AC72E3,0.45443567633628845,794,xgb_first_time_investor
016450F20B5C8E7A48EBD08EE31B3FC9,0.4541703462600708,795,xgb_first_time_investor
00AE7A4047FE6867197779756349CF22,0.4540598690509796,796,xgb_first_time_investor
006AE86A4DEDFA86F80CA5A368AC2F14,0.4540491998195648,797,xgb_first_time_investor
002922A56B3E2FE3D0DA3F30685A42E1,0.4537363052368164,798,xgb_first_time_investor
0149B22F40CD795F712D3CC5CCEFDCAA,0.45372307300567627,799,xgb_first_time_investor
00B1552DDB8D17F1F62547D012BA19D3,0.4532638192176819,800,xgb_first_time_investor
009B6DBE1091C16D79AB4CE6F884772A,0.45308226346969604,801,xgb_first_time_investor
0035ECD54DD85A973A5B829B794F2A12,0.4529559910297394,802,xgb_first_time_investor
013F076A8DC949BBFB375A8EFCC110F4,0.4527454972267151,803,xgb_first_time_investor
006A18DD344DABC9C55F4D6136BBBBC9,0.4523233473300934,804,xgb_first_time_investor
00E9C6AE596E864C8C2D3EA4F00D1BCA,0.4522780776023865,805,xgb_first_time_investor
01295AC504648E394B34481B8F1059FD,0.4516139328479767,806,xgb_first_time_investor
00798D3B5B33DFE3C1E79B6C6F1825FD,0.4507547914981842,807,xgb_first_time_investor
004095BC8035E57611EE059054297BD4,0.45056265592575073,808,xgb_first_time_investor
002AD639B0D0184897E3B8C6FCB56AFE,0.4505549669265747,809,xgb_first_time_investor
00CBBEF563302B18059FFC5069894694,0.45029133558273315,810,xgb_first_time_investor
00F2626AF920E0A72F677F42F9EBD855,0.450133353471756,811,xgb_first_time_investor
00FDAE1F46214CD68B48FFDC1EC13498,0.45013105869293213,812,xgb_first_time_investor
003D9E82899375A04731A8A1C2E8DDE8,0.4495762288570404,813,xgb_first_time_investor
000E6C5DAF4F99F16D3767762DF98B2F,0.4493594467639923,814,xgb_first_time_investor
0164E3DFD3681F0EE516740136601552,0.4492611587047577,815,xgb_first_time_investor
0105292D8173EC7232D3CBC1389BFCDF,0.449241042137146,816,xgb_first_time_investor
0129E6183220E0188F2EA0E98A1F3009,0.44897133111953735,817,xgb_first_time_investor
0090967CDF1303D5AE1B424A320B231E,0.4488295018672943,818,xgb_first_time_investor
0165C860089CED91DACB7F7C26050869,0.4487784802913666,819,xgb_first_time_investor
0138F977A0176C03460DCFE5BF5C6796,0.4487750828266144,820,xgb_first_time_investor
010E7183F213BFE955B441C12EFE1B25,0.44861093163490295,821,xgb_first_time_investor
003673A8E376532C2F5AD80B754A087F,0.44821473956108093,822,xgb_first_time_investor
00AB47FA5F71B104A1D9427B44207E26,0.4481974244117737,823,xgb_first_time_investor
002B1520F18D66CEC548ADDB7AB4330C,0.44802045822143555,824,xgb_first_time_investor
017077D2572852E42DA76A785190801E,0.44798338413238525,825,xgb_first_time_investor
00A6462C4F81727478EA19C78343088E,0.4478200376033783,826,xgb_first_time_investor
010F6DF2F1EB6837243F860A08AC4CA7,0.44770312309265137,827,xgb_first_time_investor
00C9D785A1B297D731DA85D630B1E56B,0.4475591480731964,828,xgb_first_time_investor
00A8678711F911D058A73F3885A1F3D1,0.4474429786205292,829,xgb_first_time_investor
003164ED7EB8B7F68117B58FBB0C1993,0.4470211863517761,830,xgb_first_time_investor
0077FF7FED4F947CBFAB080EA6FBD58C,0.44680526852607727,831,xgb_first_time_investor
011856F1D684F8B318E367F9A456B311,0.4468003511428833,832,xgb_first_time_investor
00FFE60CD451A016DE8EDE0ABC915580,0.44672608375549316,833,xgb_first_time_investor
0169A3C20A54A1AA5300D4D9C4C3953A,0.4467256963253021,834,xgb_first_time_investor
00277CBF4F143C2B98FDEF50AA0DD3CA,0.44632449746131897,835,xgb_first_time_investor
00DCCECCD1FC6EF2DEDEA1DBE76960A0,0.44625625014305115,836,xgb_first_time_investor
013A000C9CBC1F90263B728A6C938885,0.44623425602912903,837,xgb_first_time_investor
0138D05A457F9939206D87C6CE28136E,0.4459962546825409,838,xgb_first_time_investor
00C40BEC7DD219622550B4681F25EE94,0.44566991925239563,839,xgb_first_time_investor
0166A734411F1063E61BBD147593C7FA,0.4451715052127838,840,xgb_first_time_investor
0011989726FA3263893C38567B473989,0.44515085220336914,841,xgb_first_time_investor
00940AB2B269AC25B2BE06AFF4369831,0.44503694772720337,842,xgb_first_time_investor
00058DDE3A1089E33C37CE29DB1A30FC,0.4448639750480652,843,xgb_first_time_investor
009D1198C0B7D505F8E9168D19FF132E,0.44468989968299866,844,xgb_first_time_investor
00E9273389383C7D566A9CAE9EAAF57C,0.44451820850372314,845,xgb_first_time_investor
010AE1DB83BD3B21EA028BD74C4C14CD,0.44449329376220703,846,xgb_first_time_investor
00AE986402D3180A2CADE15F85732AF8,0.44420602917671204,847,xgb_first_time_investor
000EC2DD2DCEE442CDE42C187B995347,0.44416648149490356,848,xgb_first_time_investor
00944EAD9CB00A5A0C001C14EC3EEA58,0.44389504194259644,849,xgb_first_time_investor
003898F76F1198B5E6CF85E8A70A0075,0.44387975335121155,850,xgb_first_time_investor
006FF4AA1FABFF710D2097B8DED332FD,0.44352227449417114,851,xgb_first_time_investor
0080AD109DE4B446A23FB31CD656D1AA,0.4431719183921814,852,xgb_first_time_investor
011E517937BB31544C49A4150A94B5EA,0.4431719183921814,853,xgb_first_time_investor
00846C937FC637657DEC63690902C9C2,0.4431719183921814,854,xgb_first_time_investor
00E20EF5E1232C20B7E144F93956E191,0.4431719183921814,855,xgb_first_time_investor
0075B87EBCC5BB6576012C3FAFE68E28,0.4428585469722748,856,xgb_first_time_investor
01100FDCECCC5AB7581D96126429B2F5,0.44277799129486084,857,xgb_first_time_investor
0136632F5FA875B7E9C1A3F488DEBD99,0.44269126653671265,858,xgb_first_time_investor
013D16081485B4553F98FAFEF9B41775,0.4426524341106415,859,xgb_first_time_investor
013790AC802C5C02FA42CF215CEBC009,0.44264107942581177,860,xgb_first_time_investor
002FFDFE56A0BB42E9E5DCC14C19624B,0.44240325689315796,861,xgb_first_time_investor
00B053AAA8B132A9324DA5D698CF87AA,0.4423016309738159,862,xgb_first_time_investor
000C6455F6295DF216B7F27258A3865F,0.44209161400794983,863,xgb_first_time_investor
00226F359899A0FECDB9B6CDCD938891,0.4420909285545349,864,xgb_first_time_investor
00DD4F4475DA088B24D32C7FFACE6F20,0.4419148564338684,865,xgb_first_time_investor
00B3C4E4951C4C03616ADA56D462DB9A,0.4418123960494995,866,xgb_first_time_investor
0133C1B3B64BE6E38EA1813AA8260578,0.4416705369949341,867,xgb_first_time_investor
00699A9E31717D669E6D79F825C83AF3,0.4416124224662781,868,xgb_first_time_investor
00A384C6F00290844EE73BE14BB91E71,0.4414045810699463,869,xgb_first_time_investor
00BD4914BDA35D79C5CB2C0C5942CEB0,0.4411343038082123,870,xgb_first_time_investor
011DCFA25E61612D4D77817F5FE807B3,0.4409657418727875,871,xgb_first_time_investor
01690FAE38F177E38A5036E068EFAD67,0.4406946301460266,872,xgb_first_time_investor
00BA46620705E578986270F018FD024C,0.4397650361061096,873,xgb_first_time_investor
013A7342D1B5CBDF8D3C75FEDEDAF091,0.4396795928478241,874,xgb_first_time_investor
0063A6226EB4400704D2398470F3B39E,0.4393254220485687,875,xgb_first_time_investor
007197F957C8C9EC78556F6E8FB21D17,0.4391774833202362,876,xgb_first_time_investor
0148ED911F229F8D7BF9C05985C7E54C,0.439158171415329,877,xgb_first_time_investor
01075A86F127FF4FD2FB9E16B6F46290,0.4391275942325592,878,xgb_first_time_investor
00FDA3B809F1263D0B7EA7631ECC12D7,0.43896982073783875,879,xgb_first_time_investor
00C71C44CFC2E4A38C8B8A3108DC29F7,0.4389289319515228,880,xgb_first_time_investor
012D1655BC6BE26AA61AB732604F51C9,0.4386447072029114,881,xgb_first_time_investor
01695D83A5630AF124A87E6ED8F7ABB6,0.4383721947669983,882,xgb_first_time_investor
000B1D1BAADAA458E13526C80C8A5B51,0.4380571246147156,883,xgb_first_time_investor
00DC19145500E49E9E10E75280DF9C6A,0.43762195110321045,884,xgb_first_time_investor
005844BE99335E10295BAB150CB1FA52,0.4375874698162079,885,xgb_first_time_investor
009652E9A8251D46B28C95C5023A3EA5,0.43750038743019104,886,xgb_first_time_investor
00C9F30B09F0247F6FC0C740F4614C89,0.4371834099292755,887,xgb_first_time_investor
010E2DB9798C68AED3D9A6A5B4D5BABF,0.437030166387558,888,xgb_first_time_investor
0098A0331C33444A9303FDE0A15E4D57,0.43697547912597656,889,xgb_first_time_investor
015E43F82638AB33EDED23A338B49372,0.4369473457336426,890,xgb_first_time_investor
0080BEF64EE42E7DD782D49F3A539AE6,0.43683767318725586,891,xgb_first_time_investor
010EC62E2F13F5DFE7873D46DA271DEE,0.4367309808731079,892,xgb_first_time_investor
00DA26EDFE833B0CDC5A0BA904229122,0.4363407790660858,893,xgb_first_time_investor
00812CA81EE91CACE6BF7F4475D3AC50,0.43587902188301086,894,xgb_first_time_investor
017408702105FACF0B5BBE193BEEC8C6,0.43586602807044983,895,xgb_first_time_investor
01490A1E89E439B42CE2BAC9756C724C,0.43567103147506714,896,xgb_first_time_investor
00A1840FB5CE534CAF6AD150BA8E4753,0.4354708790779114,897,xgb_first_time_investor
00FAE461AFBC0F7702AF8C901AFCA393,0.435320109128952,898,xgb_first_time_investor
00140895508176A975E641071BA69970,0.43518829345703125,899,xgb_first_time_investor
00F61A1B05CA3BA7176536368C2A3EF2,0.4351717233657837,900,xgb_first_time_investor
007F0266DF9FCE456A59BBFA0B18E570,0.43426191806793213,901,xgb_first_time_investor
0149158069E8CCDFC3D9836052EE423D,0.4340486228466034,902,xgb_first_time_investor
013A538E00A1CCB4F328A370BC08B2CF,0.43354102969169617,903,xgb_first_time_investor
003006F81C58CFBDF8248250E9866957,0.43352776765823364,904,xgb_first_time_investor
006F87702BA0134272DC2BBE70C50C64,0.4331774115562439,905,xgb_first_time_investor
01309709D54ED6CF8950E32A2526D4AB,0.43310263752937317,906,xgb_first_time_investor
0060419643221160AD02FBAEB5045BEB,0.43279507756233215,907,xgb_first_time_investor
00F6CF3E06F7513B6E6020FFCE351E08,0.43249422311782837,908,xgb_first_time_investor
00CDB2F7334C47143D4616BE367AF02E,0.43240344524383545,909,xgb_first_time_investor
00F66E022A151639CB1DEB2BA5AC5CA8,0.4321824610233307,910,xgb_first_time_investor
0049FBD6E9A0D97757066BDD9860319C,0.43169867992401123,911,xgb_first_time_investor
0031E1928E9D945068B70E00F17F5AC3,0.43161413073539734,912,xgb_first_time_investor
011C9CF66C55670E359A804379A95A4C,0.4312635362148285,913,xgb_first_time_investor
001F4987AEBB0E1E18B802E679C4095D,0.4312257170677185,914,xgb_first_time_investor
00A61742B1B36098065868286E4B8317,0.4306206703186035,915,xgb_first_time_investor
002457D8E10107E2952F96C99EB2AB4C,0.43047279119491577,916,xgb_first_time_investor
002832AFF395A3044C7810FAF856E8E2,0.4303094744682312,917,xgb_first_time_investor
00A1B49B9D471828FFDCB04A81811E62,0.43029898405075073,918,xgb_first_time_investor
00A77CDD03F43844FC9DCCC8E5DDCD4E,0.4302438795566559,919,xgb_first_time_investor
005DF962DE6C1491C67F542344E349F6,0.4302438795566559,920,xgb_first_time_investor
00D486B92F221AACE954579DDDA414C1,0.4302438795566559,921,xgb_first_time_investor
00D22FE648F3137907F0FDEAF7031D28,0.4302438795566559,922,xgb_first_time_investor
012EED90A7A0606DB325301A83D0A917,0.4301610291004181,923,xgb_first_time_investor
0004C7589E37A35ED4901674E042DA52,0.429982990026474,924,xgb_first_time_investor
00FBC54C1D74F13FAF8010E25B48DABB,0.42983779311180115,925,xgb_first_time_investor
00F80687A8E50564A265009F2E0E9A52,0.42970898747444153,926,xgb_first_time_investor
005D35853BF7486C1DB4869A453B7ACD,0.4295591115951538,927,xgb_first_time_investor
00F7A6EB70D90ECE4C09FAADBF0B38EE,0.42939165234565735,928,xgb_first_time_investor
003464168FF7FD6888AC9682F6FEB985,0.4293353259563446,929,xgb_first_time_investor
0153364FC6CDE05CA780AAC4B0260B11,0.42909008264541626,930,xgb_first_time_investor
00A74305BA8BE9CAA04CB126511A5D47,0.4288713037967682,931,xgb_first_time_investor
012327C1965E7396DA42B670CC8CF9D0,0.42874330282211304,932,xgb_first_time_investor
00EE114512D76E57AA8B92326A6AFB1C,0.42865699529647827,933,xgb_first_time_investor
0135BC75C8E8630D16C2698E28A32211,0.4281577169895172,934,xgb_first_time_investor
002A0B3E6271059299F5F5D394A84269,0.4280205965042114,935,xgb_first_time_investor
012D15A67E13EF375CAC1EB4784A9F23,0.4278382360935211,936,xgb_first_time_investor
01718F4EE71A295B91CD2F544CE1FAFB,0.42757362127304077,937,xgb_first_time_investor
00EFE182B04F333344492B91CD4EEFB4,0.42734473943710327,938,xgb_first_time_investor
00546DFC83DFA578F310D5830D1F0F61,0.4273240268230438,939,xgb_first_time_investor
0057E84F7E034CFEF6498629A3457C47,0.42719173431396484,940,xgb_first_time_investor
00C34B9618006BBA37B3E97FE895D060,0.4269057810306549,941,xgb_first_time_investor
0038EC8222F3170803B1D868D2136806,0.4265623986721039,942,xgb_first_time_investor
013810FF8755F88D1941FA6E686CD666,0.42656123638153076,943,xgb_first_time_investor
0058E22689BE7AE65B94E3BE95AC1418,0.42645540833473206,944,xgb_first_time_investor
014DF01B462F33E8BA10A35D1BE8234D,0.42637544870376587,945,xgb_first_time_investor
00BD2B58C555A721902A467EC7B3D474,0.42619824409484863,946,xgb_first_time_investor
00F645D23124DC281DA8259C5D619A72,0.4261449873447418,947,xgb_first_time_investor
0003B5AEEB67715EEBFA6D98252A6AB5,0.42560067772865295,948,xgb_first_time_investor
00B45A83736912560445691238A7A3E5,0.4254381060600281,949,xgb_first_time_investor
007AA10CF537B76892EDE9906ACAE00B,0.4247804284095764,950,xgb_first_time_investor
014D32DA662C26CDC8F28A7EFB17EB1E,0.42441806197166443,951,xgb_first_time_investor
00A54C40C3115F429F66EBFBFDB5C976,0.42438259720802307,952,xgb_first_time_investor
00C2C08FDD7F008E834A7D38729B74D7,0.423823744058609,953,xgb_first_time_investor
00791A18CA641F9533E3BBB0B94A5719,0.4237033724784851,954,xgb_first_time_investor
0028342AE894C132CD9DF5DDFF1C448A,0.42365944385528564,955,xgb_first_time_investor
0159FAC6D3E2CF3595028C960A1DD097,0.4233620762825012,956,xgb_first_time_investor
0019CAC348FBB942ACE4C7943DA2D0FD,0.4232194721698761,957,xgb_first_time_investor
00D712393F58397966082DE303B707C7,0.42314136028289795,958,xgb_first_time_investor
0052D2A89902E5CDCB67D227BE009969,0.4227173626422882,959,xgb_first_time_investor
011BBB253E813D6B7339099520829334,0.42259758710861206,960,xgb_first_time_investor
006DFD70A38C10920A669DBCEA637DB2,0.42135828733444214,961,xgb_first_time_investor
00ACFDB8F5900ADB914E6F56D68EF372,0.42119258642196655,962,xgb_first_time_investor
016C349B9121B61226D71ECB5FBB1434,0.4209468960762024,963,xgb_first_time_investor
010E50FCCA8F1E330F0E212E08942A27,0.4207647144794464,964,xgb_first_time_investor
002044ED717E00EAE99E2FD7475903A2,0.4205864369869232,965,xgb_first_time_investor
0100B941D1A4D4B0F0D404A5830A62E5,0.420358806848526,966,xgb_first_time_investor
00997E5BAF08F249138061A70C5991A7,0.42024457454681396,967,xgb_first_time_investor
00E6B59723A8D0288290DE6CB83CF9A5,0.4200739562511444,968,xgb_first_time_investor
0156531E70EB3F14E4326FC8457A17BD,0.42004337906837463,969,xgb_first_time_investor
015F5B6D518AC548C8A013A6DFF0B861,0.4197913408279419,970,xgb_first_time_investor
0155C1CC0679A9970D17AE680178FA30,0.4196738600730896,971,xgb_first_time_investor
00C4695172584BFAB0C6C7FB464DE973,0.4190119206905365,972,xgb_first_time_investor
01448630316D61E77B34273F6D4CE997,0.41900554299354553,973,xgb_first_time_investor
00857FF07015CE9B34410D80E3670B6A,0.41894015669822693,974,xgb_first_time_investor
00C1EA3F264C5880428440EF8DFA55FB,0.4187145531177521,975,xgb_first_time_investor
016177B05DB24F0082673185F35DD4EA,0.418605774641037,976,xgb_first_time_investor
016D52048A718B837B7F1715A600A619,0.418050080537796,977,xgb_first_time_investor
000B4FAAFC29DDC31C885D21164AE0E2,0.4178840219974518,978,xgb_first_time_investor
00CA2EFAC79386F51501BF55B03F97B0,0.41772475838661194,979,xgb_first_time_investor
00BCEDC6FD55290FD78805B79AA78388,0.4176722466945648,980,xgb_first_time_investor
0090D4283A76C7E89AE7B2C441817164,0.41763314604759216,981,xgb_first_time_investor
01453851C9C61B1F5D766F23E77B56C7,0.4175792634487152,982,xgb_first_time_investor
009C2D9AC2D8A2521719E4D3E98E64D3,0.4175286889076233,983,xgb_first_time_investor
009C1B2A9B1B17E248EB50369C9A5D71,0.41735324263572693,984,xgb_first_time_investor
0082C63643D22BE7D0581B953A98015C,0.41724857687950134,985,xgb_first_time_investor
00C0E7C6482CE8475995BE807D1346B7,0.4167531728744507,986,xgb_first_time_investor
01327C0CE506DE753F598DF3E3CA349B,0.41669976711273193,987,xgb_first_time_investor
0105D77EEE538B307703CFB577792E3F,0.4166490137577057,988,xgb_first_time_investor
00746ADDD1B12D5FB7D58E5F7D75E0BA,0.41659390926361084,989,xgb_first_time_investor
005B9F1C59D0FB59C2CBF3C6B57747E6,0.41651538014411926,990,xgb_first_time_investor
008FC2F04F5B29C89913629689FAD3E6,0.4164420962333679,991,xgb_first_time_investor
00C5D48B5F010D07302279ABE1825D74,0.41638636589050293,992,xgb_first_time_investor
006AD35DC9B1E33F630F448352E38FD9,0.4161340892314911,993,xgb_first_time_investor
00B8FFB5A9032897D162DB1C2C3745AF,0.41611331701278687,994,xgb_first_time_investor
00871ECBAB6C7B10CB911555AC857203,0.41580498218536377,995,xgb_first_time_investor
000FBDCE426658DEE90A572DEAAB5BA7,0.4157494008541107,996,xgb_first_time_investor
01485D86E33F1FCBF9993AD19F65943F,0.41574400663375854,997,xgb_first_time_investor
00CC1940DBC9AC90AAF793E989BB559F,0.41561010479927063,998,xgb_first_time_investor
00E6DC455AB604324149188D678EF7FD,0.4151892364025116,999,xgb_first_time_investor
015BB1357D2FA07CC3198B01D38B76BA,0.41506490111351013,1000,xgb_first_time_investor
